#bin	chrom	chromStart	chromEnd	name	score	sourceCount	sourceIds	sourceScores
2146	chr2	204722325	204722795	C11orf30	98	1	1133	98
2146	chr2	204722351	204722861	POLR2A	120	1	635	120
2146	chr2	204722406	204722709	MAFF	891	3	360,553,1106	296,891,231
2146	chr2	204722415	204722685	MAFK	1000	4	117,283,915,987	1000,643,764,1000
2146	chr2	204722431	204722795	EP300	539	2	17,1243	539,306
2146	chr2	204722453	204722654	ZNF316	198	1	342	198
2146	chr2	204722724	204723655	CTCF	503	36	37,45,86,130,153,198,228,246,247,292,298,355,361,521,534,569,622,624,643,716,733,743,757,793,804,814,821,860,891,894,966,1064,1076,1193,1200,1217	190,78,131,182,68,133,208,355,93,99,286,214,179,503,77,281,91,120,80,149,191,176,104,274,271,132,100,159,414,178,206,469,83,323,73,80
2146	chr2	204722837	204723313	GATA3	198	1	95	198
2146	chr2	204722858	204723288	ZNF579	388	1	1249	388
2146	chr2	204722988	204723212	RAD21	164	1	1197	164
2146	chr2	204726033	204726303	MAFK	582	4	117,283,915,987	582,267,442,517
2146	chr2	204726035	204726318	MAFF	369	2	553,1106	369,146
2146	chr2	204731172	204731556	MNT	144	1	414	144
2146	chr2	204732306	204732870	POLR2A	354	4	666,899,1032,1239	354,57,170,173
268	chr2	204734167	204734547	PKNOX1	32	1	692	32
268	chr2	204734195	204734575	ATF7	165	1	528	165
268	chr2	204734249	204734659	NFIB	97	1	578	97
268	chr2	204734259	204734529	JUND	208	1	572	208
268	chr2	204734263	204734699	ATF2	386	2	225,470	56,386
268	chr2	204734339	204734883	POLR2A	64	1	1032	64
2147	chr2	204735670	204736166	EP300	72	1	1243	72
2147	chr2	204736066	204736690	MTA3	985	1	482	985
2147	chr2	204736096	204736676	NFIC	911	1	1168	911
2147	chr2	204736103	204736699	STAT5A	608	1	71	608
2147	chr2	204736106	204736792	CBFB	502	1	789	502
2147	chr2	204736109	204736689	DPF2	604	1	673	604
2147	chr2	204736113	204736657	ATF2	716	2	225,1112	109,716
2147	chr2	204736115	204736675	MTA2	310	1	947	310
2147	chr2	204736122	204736698	MEF2B	127	1	412	127
2147	chr2	204736123	204736866	IKZF2	719	2	372,506	412,719
2147	chr2	204736131	204736973	IKZF1	148	1	884	148
2147	chr2	204736135	204736665	NFATC3	398	1	1051	398
2147	chr2	204736136	204736656	GATAD2B	541	1	1238	541
2147	chr2	204736140	204736640	ZBED1	463	1	58	463
2147	chr2	204736145	204736589	TRIM22	571	1	844	571
2147	chr2	204736146	204736706	NFATC1	412	1	1135	412
2147	chr2	204736189	204736649	CBX5	907	1	588	907
2147	chr2	204736196	204736556	CREM	340	1	1000	340
2147	chr2	204736198	204736518	EBF1	1000	2	708,1020	1000,382
2147	chr2	204736200	204736680	TBX21	255	1	1234	255
2147	chr2	204736204	204736856	GABPA	110	1	990	110
2147	chr2	204736206	204736626	ETV6	671	1	1134	671
2147	chr2	204736207	204736597	TBL1XR1	520	1	632	520
2147	chr2	204736214	204736658	BHLHE40	210	2	13,1034	210,117
2147	chr2	204736215	204736695	EED	360	1	215	360
2147	chr2	204736226	204736624	EP300	888	5	67,273,299,589,1262	264,449,607,888,530
2147	chr2	204736231	204736581	ARID3A	740	1	52	740
2147	chr2	204736234	204736603	JUNB	1000	1	597	1000
2147	chr2	204736237	204736673	BMI1	174	1	878	174
2147	chr2	204736243	204736484	ATF7	271	1	930	271
2147	chr2	204736252	204736575	BATF	1000	1	162	1000
2147	chr2	204736253	204736543	MEF2C	343	1	455	343
2147	chr2	204736255	204736529	RUNX3	1000	1	1063	1000
2147	chr2	204736268	204736562	ZNF217	1000	1	492	1000
2147	chr2	204736269	204736559	MEF2A	505	1	7	505
2147	chr2	204736274	204736584	POU2F2	1000	1	125	1000
2147	chr2	204736276	204736546	IRF4	1000	1	148	1000
2147	chr2	204736287	204736571	JUND	735	1	989	735
2147	chr2	204736289	204736625	TCF12	1000	2	433,886	1000,458
2147	chr2	204736292	204736562	BCL11A	525	1	918	525
2147	chr2	204736295	204736599	PAX5	650	1	29	650
2147	chr2	204736361	204736509	NR2F1	423	1	550	423
2147	chr2	204736629	204736869	SPI1	265	1	445	265
2147	chr2	204736633	204737163	SMC3	89	1	850	89
2147	chr2	204736896	204737621	EP300	411	1	625	411
2147	chr2	204738138	204738518	ATF7	154	1	528	154
2147	chr2	204738147	204738523	ATF2	230	1	470	230
2147	chr2	204738198	204738468	JUND	174	1	572	174
2147	chr2	204738237	204738827	CTCF	378	9	198,246,355,521,546,733,783,804,1193	156,378,118,180,130,184,171,96,115
2147	chr2	204738640	204738956	STAT3	213	1	367	213
2147	chr2	204738695	204739199	RAD21	75	1	348	75
2147	chr2	204738719	204738979	FOS	863	3	888,993,1017	522,863,452
2147	chr2	204738757	204739484	EP300	329	1	625	329
2147	chr2	204738758	204739362	MXI1	252	1	1211	252
2147	chr2	204738783	204739292	RFX1	371	5	115,170,200,729,1003	211,178,371,215,234
2147	chr2	204738837	204739273	BMI1	262	2	878,1097	174,262
2147	chr2	204739035	204739119	YY1	793	1	688	793
2147	chr2	204742754	204743270	EP300	227	1	625	227
2147	chr2	204742809	204743253	RFX1	40	2	115,200	23,40
2147	chr2	204744157	204744427	SPI1	154	1	1192	154
2147	chr2	204744159	204744859	CTCF	47	1	45	47
2147	chr2	204751192	204751688	EP300	159	1	1243	159
2147	chr2	204751599	204752023	PKNOX1	137	3	441,519,692	137,33,65
2147	chr2	204752389	204752699	EP300	203	2	67,897	108,203
2147	chr2	204756182	204756452	SPI1	170	1	1192	170
2147	chr2	204756192	204756458	EP300	376	1	1243	376
2147	chr2	204756209	204756513	MYC	261	1	696	261
2147	chr2	204756210	204756490	FOS	302	3	888,993,1017	288,302,219
2147	chr2	204756228	204756484	CEBPB	370	2	1206,1241	264,370
2147	chr2	204758011	204758507	EP300	195	2	67,1243	133,195
2147	chr2	204759022	204759252	BATF	297	1	162	297
2147	chr2	204761981	204762477	EP300	187	1	1243	187
2147	chr2	204762266	204762582	ZNF384	280	1	619	280
2147	chr2	204762284	204762664	MAFK	347	3	117,915,987	240,160,347
2147	chr2	204762313	204762583	SPI1	202	1	1192	202
2147	chr2	204763513	204763777	EP300	196	1	67	196
2147	chr2	204770453	204770709	CTCF	145	2	358,644	145,95
2147	chr2	204773058	204773169	HNF4A	212	1	92	212
2147	chr2	204773126	204773503	EP300	439	3	17,273,1243	285,345,439
2147	chr2	204773166	204773406	SPI1	1000	2	445,1192	305,1000
2147	chr2	204773908	204774178	SPI1	463	2	445,1192	324,463
2147	chr2	204773936	204774211	EP300	225	1	1243	225
2147	chr2	204773949	204775096	CTCF	1000	182	5,12,33,36,37,45,47,51,54,57,76,86,101,102,111,113,119,130,142,153,172,187,192,193,194,198,202,210,213,228,235,243,246,247,253,257,260,269,272,275,276,284,290,292,296,298,316,330,339,350,355,357,358,361,379,382,386,394,406,410,415,418,422,431,452,462,464,468,469,474,477,478,493,494,508,515,521,523,534,540,546,555,569,574,580,584,604,622,624,630,634,638,642,643,644,649,651,657,662,703,716,723,730,731,733,736,743,745,757,760,780,783,793,804,813,814,815,817,818,821,826,827,829,838,839,860,864,891,894,906,922,923,931,937,938,940,944,955,966,971,975,976,977,979,981,1002,1006,1013,1041,1048,1061,1064,1065,1069,1073,1074,1076,1080,1088,1094,1109,1119,1137,1140,1148,1151,1155,1160,1166,1190,1193,1196,1200,1201,1203,1217,1224,1230,1231,1248,1251,1254	374,402,540,623,968,514,757,679,647,337,916,759,308,1000,1000,638,167,1000,445,1000,617,1000,986,418,705,525,721,522,641,759,490,407,1000,515,710,695,592,202,582,148,597,346,870,986,1000,802,837,306,508,1000,1000,1000,1000,865,674,676,412,261,727,741,502,714,452,643,588,493,847,489,1000,1000,607,347,571,633,371,442,1000,374,456,755,922,318,784,518,395,637,713,1000,690,447,948,562,298,637,653,1000,616,493,1000,623,665,532,977,862,746,1000,1000,599,1000,183,473,1000,1000,1000,434,622,779,605,320,247,1000,604,161,1000,916,544,447,608,739,494,560,623,521,972,581,419,1000,348,1000,479,357,879,396,728,651,587,979,241,945,501,489,844,679,549,488,711,271,471,1000,1000,322,465,326,506,382,860,1000,380,1000,736,1000,518,1000,963,495,1000,306,321,904,678,350,459
2147	chr2	204774011	204774691	MAX	381	1	1111	381
2147	chr2	204774079	204774569	NR2F2	423	1	211	423
2147	chr2	204774175	204775020	MXI1	115	1	1211	115
2147	chr2	204774184	204774734	NRF1	57	1	759	57
2147	chr2	204774217	204774800	SMC3	981	5	85,196,600,850,1101	840,881,261,981,674
2147	chr2	204774250	204774841	RAD21	1000	12	38,64,262,348,496,586,720,830,881,1019,1197,1212	441,1000,738,1000,940,878,1000,650,1000,1000,1000,1000
2147	chr2	204774384	204774754	TFAP4	452	1	805	452
2147	chr2	204774388	204774758	TRIM22	260	1	189	260
2147	chr2	204774391	204774801	REST	51	1	293	51
2147	chr2	204774413	204774683	MAFK	174	1	283	174
2147	chr2	204774439	204774743	ZNF384	243	1	746	243
2147	chr2	204774467	204774707	NFE2L2	142	1	377	142
2147	chr2	204775215	204775599	MNT	98	1	414	98
2147	chr2	204778670	204779020	LCORL	422	1	387	422
2147	chr2	204778726	204779126	FOXA2	155	2	199,842	155,99
2147	chr2	204778831	204779111	FOXA1	230	1	8	230
2147	chr2	204778863	204779273	CTCF	69	1	246	69
2147	chr2	204779074	204779710	IKZF1	227	1	884	227
2147	chr2	204779273	204779851	RUNX3	215	1	1063	215
2147	chr2	204779277	204779662	MEF2B	514	1	412	514
2147	chr2	204779302	204779632	TBX21	675	1	1234	675
2147	chr2	204779318	204779678	EP300	415	1	589	415
2147	chr2	204779321	204779611	MEF2C	926	1	455	926
2147	chr2	204779323	204779613	MEF2A	1000	1	7	1000
2147	chr2	204779388	204779904	CTCF	191	1	521	191
2147	chr2	204779546	204779810	EBF1	214	1	708	214
2147	chr2	204779577	204779831	PKNOX1	71	1	519	71
2147	chr2	204782396	204782786	CREB1	64	1	1229	64
2147	chr2	204783453	204783723	MAFF	192	1	553	192
2147	chr2	204783472	204783742	MAFK	198	2	283,987	152,198
2147	chr2	204783576	204783776	CTCF	195	2	246,298	195,107
2147	chr2	204790221	204790631	ZNF316	74	1	342	74
2147	chr2	204790286	204790559	MAFK	512	3	117,283,987	471,222,512
2147	chr2	204790289	204790559	MAFF	185	1	553	185
2147	chr2	204790520	204790850	EP300	670	1	625	670
2147	chr2	204791579	204791959	MAFK	255	1	915	255
2147	chr2	204793317	204794325	CTCF	916	104	12,37,45,76,102,111,153,172,187,192,194,202,228,246,247,253,257,260,272,290,292,296,316,330,339,350,355,357,358,361,379,410,422,452,469,474,478,493,515,521,523,534,546,569,584,622,624,634,643,644,649,651,662,716,730,731,733,736,743,745,757,780,783,793,804,814,815,818,826,838,839,860,864,891,894,931,940,944,955,966,976,979,1002,1006,1041,1048,1064,1065,1074,1088,1137,1148,1151,1155,1166,1190,1193,1200,1201,1217,1231,1248,1251,1254	268,328,192,168,510,383,179,209,322,206,254,244,348,799,398,207,151,153,119,304,687,387,100,178,160,542,638,285,318,612,88,73,140,93,292,296,278,228,229,803,157,88,335,440,123,367,233,203,129,148,282,186,230,378,360,160,289,428,154,153,526,334,543,411,464,322,292,162,435,436,165,432,51,223,256,100,176,352,348,144,191,338,449,249,316,166,430,116,311,276,132,303,399,709,315,368,916,267,283,434,262,175,254,169
2147	chr2	204793487	204794216	SMC3	193	2	85,850	172,193
2147	chr2	204793552	204793922	TRIM22	214	1	189	214
2147	chr2	204793605	204793957	RAD21	284	8	64,348,496,586,830,1019,1197,1212	138,253,263,276,213,124,118,284
2147	chr2	204795323	204795899	MEF2B	146	1	412	146
2147	chr2	204797180	204797777	NRF1	14	2	385,1257	14,14
2147	chr2	204800329	204800709	ZMYM3	521	1	207	521
2147	chr2	204800404	204800596	RBM25	673	1	904	673
2147	chr2	204801191	204801807	POLR2A	274	5	218,570,666,899,1032	165,38,274,141,176
2147	chr2	204801715	204801973	EP300	505	1	625	505
2147	chr2	204805364	204805940	MLLT1	174	1	700	174
2147	chr2	204805579	204805959	EGR1	91	1	1189	91
2147	chr2	204808028	204808704	CTCF	455	17	130,228,246,253,292,298,361,382,478,723,793,1002,1088,1137,1148,1166,1193	191,127,146,91,147,217,131,188,71,161,455,211,46,86,188,200,139
2147	chr2	204808122	204808566	NFIC	133	1	112	133
2147	chr2	204808314	204808502	NFIB	308	2	179,578	294,308
2147	chr2	204813238	204813662	PKNOX1	24	1	519	24
2147	chr2	204813302	204813862	MTA2	267	1	947	267
2147	chr2	204813339	204813915	MEF2B	149	1	412	149
2147	chr2	204813346	204813936	IKZF1	354	1	1113	354
2147	chr2	204813354	204813938	NBN	464	1	183	464
2147	chr2	204813361	204813937	MLLT1	140	1	700	140
2147	chr2	204813366	204813870	ATF2	540	1	1112	540
2147	chr2	204813377	204813897	GATAD2B	415	1	1238	415
2147	chr2	204813402	204814023	IKZF2	374	2	372,506	220,374
2147	chr2	204813407	204813937	NFATC3	225	1	1051	225
2147	chr2	204813421	204813771	EP300	413	1	299	413
2147	chr2	204813422	204813798	CUX1	895	1	556	895
2147	chr2	204813423	204813733	HSF1	496	1	1167	496
2147	chr2	204813444	204813764	EBF1	314	2	708,1020	166,314
2147	chr2	204813472	204814072	RELB	243	1	522	243
2147	chr2	204813482	204814126	TRIM22	403	1	844	403
2147	chr2	204813483	204813979	NR2F1	393	1	550	393
2147	chr2	204813493	204813762	TBX21	428	1	1234	428
2147	chr2	204813494	204813734	SPI1	732	1	445	732
2147	chr2	204813498	204813754	TCF12	279	1	433	279
2147	chr2	204813500	204814007	PAX5	230	1	29	230
2147	chr2	204813513	204813897	SMAD1	496	1	654	496
2147	chr2	204813532	204813922	TBP	329	1	606	329
2147	chr2	204813534	204813717	ATF7	185	1	930	185
2147	chr2	204813590	204814066	ARNT	327	1	511	327
2147	chr2	204814005	204814395	FOXA1	140	1	72	140
2147	chr2	204814090	204814406	STAT3	348	1	367	348
2147	chr2	204814143	204814387	FOS	343	1	993	343
2147	chr2	204814144	204814554	CTBP1	202	1	56	202
2147	chr2	204814950	204815374	PKNOX1	23	1	519	23
2147	chr2	204815924	204816404	TBX21	230	1	1234	230
2147	chr2	204815950	204816286	TCF12	153	1	886	153
2147	chr2	204815974	204816563	IKZF1	922	2	884,1113	809,922
2147	chr2	204815981	204816432	IKZF2	856	2	372,506	856,674
2147	chr2	204815986	204816566	DPF2	438	1	673	438
2147	chr2	204816031	204816491	ZNF217	546	1	492	546
2147	chr2	204816034	204816554	GATAD2B	632	1	1238	632
2147	chr2	204816040	204816400	EP300	235	1	589	235
2147	chr2	204816054	204816374	EBF1	235	1	1020	235
2147	chr2	204816055	204816415	BACH1	240	1	1174	240
2147	chr2	204816063	204816227	SPI1	991	1	445	991
2147	chr2	204816064	204816314	PAX5	245	1	541	245
2147	chr2	204816160	204816670	ATF7	94	1	930	94
2147	chr2	204816175	204816479	RELB	555	1	522	555
2147	chr2	204816233	204816376	MTA2	347	1	947	347
2147	chr2	204816258	204816682	PKNOX1	15	1	519	15
2147	chr2	204816274	204816514	FOXA1	226	1	1026	226
2147	chr2	204816347	204816481	RUNX3	541	1	1063	541
2147	chr2	204816380	204816670	GATA3	762	2	89,95	762,293
2147	chr2	204816397	204816637	SPI1	278	1	445	278
2147	chr2	204823157	204823673	EP300	169	1	625	169
2147	chr2	204824042	204824426	MNT	217	1	414	217
2147	chr2	204825201	204825581	TBP	213	1	874	213
2147	chr2	204827378	204827778	FOXA2	123	1	842	123
2147	chr2	204834983	204835459	CTCF	177	4	247,355,730,733	93,163,70,177
2147	chr2	204837712	204838032	EBF1	205	1	1020	205
2147	chr2	204840530	204840846	STAT3	233	1	367	233
2147	chr2	204840616	204840867	FOS	628	3	888,993,1017	426,536,628
2147	chr2	204842158	204842548	FOXA1	111	1	72	111
2147	chr2	204844426	204844806	PKNOX1	36	1	692	36
2147	chr2	204847742	204848262	ZBTB40	108	3	715,741,1214	68,108,83
2147	chr2	204848181	204848441	TCF12	378	1	429	378
2147	chr2	204851312	204851688	ATF2	253	1	470	253
2147	chr2	204853249	204853539	CTCF	381	1	1237	381
2147	chr2	204855552	204855952	FOXA2	74	1	842	74
2147	chr2	204857038	204857414	ATF2	170	1	470	170
2147	chr2	204857041	204857451	CREB1	97	2	687,1229	62,97
2147	chr2	204857854	204858161	EP300	539	1	625	539
2147	chr2	204858287	204858797	ATF7	143	1	930	143
2147	chr2	204858298	204858878	DPF2	370	1	673	370
2147	chr2	204858327	204858677	ARID3A	512	1	52	512
2147	chr2	204858379	204858739	EP300	319	1	589	319
2147	chr2	204858393	204858691	TBX21	502	1	1234	502
2147	chr2	204858421	204858654	MTA2	346	1	947	346
2147	chr2	204859288	204859878	IKZF1	155	1	1113	155
2147	chr2	204859372	204859916	IKZF2	198	1	372	198
2147	chr2	204859419	204859939	GATAD2B	334	1	1238	334
2147	chr2	204859493	204859782	TBX21	438	1	1234	438
2147	chr2	204859530	204859890	EP300	335	1	589	335
2147	chr2	204859568	204859895	MEF2B	373	1	412	373
2147	chr2	204859583	204859903	EBF1	599	1	1020	599
2147	chr2	204861355	204861871	EP300	359	1	625	359
2147	chr2	204861395	204861805	CREB1	178	3	526,687,1229	116,118,178
2147	chr2	204861420	204861800	ATF7	171	1	528	171
2147	chr2	204861429	204861805	ATF2	186	1	470	186
2147	chr2	204862069	204862565	NR2F1	306	1	550	306
2147	chr2	204862087	204862663	MEF2B	102	1	412	102
2147	chr2	204862090	204862670	DPF2	425	1	673	425
2147	chr2	204862105	204862896	IKZF2	510	2	372,506	510,495
2147	chr2	204862124	204862889	SKIL	300	1	1070	300
2147	chr2	204862161	204862597	BMI1	163	1	878	163
2147	chr2	204862180	204862530	ARID3A	422	1	52	422
2147	chr2	204862192	204862616	JUNB	220	1	597	220
2147	chr2	204862215	204862660	MTA2	1000	1	947	1000
2147	chr2	204862224	204862966	IKZF1	488	2	884,1113	422,488
2147	chr2	204862231	204862567	TCF12	282	1	886	282
2147	chr2	204862247	204862611	RUNX3	354	1	1063	354
2147	chr2	204862265	204862540	TBX21	482	1	1234	482
2147	chr2	204862274	204862624	EP300	818	1	299	818
2147	chr2	204862288	204862608	EBF1	128	1	1020	128
2147	chr2	204862291	204862891	RELB	409	1	522	409
2147	chr2	204862311	204862581	BCL11A	304	1	918	304
2147	chr2	204862339	204862569	BATF	370	1	162	370
2147	chr2	204862932	204863252	EBF1	143	1	1020	143
2147	chr2	204863131	204863531	FOXA2	99	1	842	99
2147	chr2	204863147	204863537	FOXA1	285	2	72,1026	66,285
2147	chr2	204863249	204863565	STAT3	297	1	367	297
2147	chr2	204863250	204863631	EP300	315	2	273,1243	198,315
2147	chr2	204864868	204865208	ZNF24	202	1	936	202
2148	chr2	204867362	204867838	GATA3	144	1	95	144
2148	chr2	204868766	204869351	PKNOX1	39	1	692	39
2148	chr2	204873131	204873415	FOXA1	170	1	402	170
2148	chr2	204873183	204873356	KAT2B	1000	1	21	1000
2148	chr2	204874920	204875236	STAT3	159	1	367	159
2148	chr2	204875432	204875672	FOXA1	325	1	1026	325
2148	chr2	204875566	204876063	PKNOX1	80	3	441,519,692	80,33,27
2148	chr2	204875682	204876102	FOS	243	4	6,888,993,1017	165,229,243,171
2148	chr2	204875989	204876229	SPI1	166	1	445	166
2148	chr2	204876023	204876379	JUND	379	1	750	379
2148	chr2	204876133	204876274	GATA3	999	1	89	999
2148	chr2	204876266	204876347	FOXA1	851	1	1026	851
2148	chr2	204876677	204877242	RFX1	1000	2	200,1003	479,1000
2148	chr2	204876697	204877186	ESR1	207	2	488,752	188,207
2148	chr2	204876736	204877431	MXI1	524	1	390	524
2148	chr2	204876760	204877184	PKNOX1	386	2	441,519	386,30
2148	chr2	204876822	204877066	FOS	250	1	993	250
2148	chr2	204876852	204877092	FOXA1	517	1	1026	517
2148	chr2	204876894	204877076	BMI1	335	1	1097	335
2148	chr2	204876983	204877246	GATA2	1000	1	266	1000
2148	chr2	204877021	204877184	GATA3	968	2	89,1161	722,968
2148	chr2	204877042	204877206	RCOR1	1000	1	216	1000
2148	chr2	204877133	204877543	CTBP1	306	1	56	306
2148	chr2	204877224	204877468	FOS	333	1	993	333
2148	chr2	204879192	204879522	CTCF	181	1	971	181
2148	chr2	204879614	204880290	TRIM28	537	1	524	537
2148	chr2	204879736	204880232	NR2F1	228	1	550	228
2148	chr2	204879818	204880298	TBX21	195	1	1234	195
2148	chr2	204880176	204880586	CTCF	122	1	246	122
2148	chr2	204880241	204880621	ATF7	158	1	528	158
2148	chr2	204880291	204880561	CREB1	250	1	1229	250
2148	chr2	204880371	204880530	ATF2	380	1	470	380
2148	chr2	204884194	204884790	IKZF2	308	2	372,506	257,308
2148	chr2	204884196	204884832	IKZF1	231	2	884,1113	231,198
2148	chr2	204884211	204884791	DPF2	282	1	673	282
2148	chr2	204884298	204884624	STAT3	351	2	367,1011	351,317
2148	chr2	204884312	204884676	RUNX3	175	1	1063	175
2148	chr2	204884329	204884729	FOS	1000	5	6,438,888,993,1017	845,349,1000,1000,1000
2148	chr2	204884339	204884763	JUNB	187	1	597	187
2148	chr2	204884346	204884666	EBF1	454	2	708,1020	454,329
2148	chr2	204884355	204884675	IRF4	313	1	148	313
2148	chr2	204884366	204884686	JUND	278	1	567	278
2148	chr2	204884431	204884531	MYC	912	1	696	912
2148	chr2	204884470	204884565	BATF	632	1	162	632
2148	chr2	204884952	204885097	RBM25	674	1	904	674
2148	chr2	204885429	204885805	ZNF384	157	1	699	157
2148	chr2	204885956	204886632	TRIM28	599	1	524	599
2148	chr2	204885985	204886675	GATA3	843	1	1161	843
2148	chr2	204886011	204886415	GATA2	247	1	266	247
2148	chr2	204886108	204886472	RCOR1	332	1	216	332
2148	chr2	204888160	204888524	RCOR1	303	1	216	303
2148	chr2	204888904	204890001	CTCF	1000	166	12,33,36,37,45,47,51,54,57,76,86,102,111,113,119,130,142,153,172,187,192,194,198,202,210,213,228,235,243,246,247,253,257,260,269,272,275,276,284,290,292,296,298,316,330,339,350,355,357,358,361,379,382,386,394,406,410,415,418,431,452,462,464,469,474,477,478,493,494,515,521,523,534,540,546,569,574,580,584,604,622,624,630,634,642,643,644,649,651,657,662,703,716,723,730,731,733,736,743,745,757,760,780,783,793,804,813,814,815,817,818,821,826,827,829,838,839,860,864,891,894,906,922,923,937,940,944,955,966,976,977,979,981,1002,1006,1041,1048,1061,1064,1065,1069,1073,1074,1076,1080,1088,1094,1119,1137,1140,1148,1151,1155,1160,1166,1190,1193,1196,1200,1201,1203,1217,1231,1248,1251,1254	576,319,592,748,500,286,639,530,371,698,596,1000,879,173,239,1000,135,736,557,1000,534,739,644,699,608,106,755,377,335,1000,927,588,298,938,688,306,118,569,188,807,1000,598,1000,589,235,595,1000,1000,912,694,1000,242,690,371,240,565,206,227,339,344,257,553,728,780,906,188,542,652,125,452,1000,356,239,395,1000,1000,489,355,237,362,587,456,505,640,358,178,332,580,545,503,502,455,849,562,980,783,1000,1000,800,265,810,100,153,410,856,1000,262,493,801,342,322,324,617,108,294,1000,452,585,149,576,678,260,318,468,777,333,619,931,112,734,277,335,417,1000,781,1000,288,139,687,464,206,265,810,265,238,462,613,213,451,173,245,778,1000,421,953,779,1000,112,1000,654,352,932,507,641,270,341
2148	chr2	204889047	204889291	EP300	168	1	525	168
2148	chr2	204889145	204889728	RAD21	1000	12	38,64,262,348,496,586,720,830,881,1019,1197,1212	220,487,581,1000,802,704,977,665,1000,413,608,1000
2148	chr2	204889187	204889686	SMC3	813	3	85,850,1101	156,813,328
2148	chr2	204889207	204889547	RFX5	171	1	694	171
2148	chr2	204889228	204889598	TRIM22	332	1	189	332
2148	chr2	204889245	204889609	RCOR1	419	1	216	419
2148	chr2	204889320	204889610	ZNF143	179	1	368	179
2148	chr2	204889382	204889772	FOXA1	78	1	72	78
2148	chr2	204890818	204891659	CTCF	1000	80	37,45,51,86,111,130,153,194,198,202,228,246,260,275,292,296,298,330,350,355,358,361,382,386,394,474,478,493,521,523,546,569,622,624,644,651,716,723,730,731,733,736,743,757,760,780,783,793,804,813,815,818,821,826,839,860,891,894,940,966,976,977,1002,1006,1041,1064,1068,1074,1076,1088,1094,1137,1148,1155,1160,1166,1190,1193,1201,1254	228,205,353,390,248,487,153,181,366,279,240,786,200,161,181,75,966,215,327,453,92,805,779,293,177,475,107,179,866,473,403,270,81,145,98,152,130,420,200,154,388,449,229,387,253,497,576,973,876,250,82,432,214,160,169,439,601,304,283,122,158,242,60,361,278,549,400,143,252,158,155,586,489,84,300,562,284,1000,134,484
2148	chr2	204890885	204891421	GABPB1	15	1	1042	15
2148	chr2	204890969	204891493	L3MBTL2	252	2	50,590	90,252
2148	chr2	204891025	204891361	YY1	319	1	688	319
2148	chr2	204891055	204891309	RAD21	263	2	720,881	171,263
2148	chr2	204891700	204892290	IKZF1	161	1	1113	161
2148	chr2	204891706	204892484	MEF2B	206	1	412	206
2148	chr2	204891722	204892312	IKZF2	240	1	506	240
2148	chr2	204891756	204892196	GATA2	329	1	873	329
2148	chr2	204891771	204892091	EBF1	311	2	708,1020	311,220
2148	chr2	204891771	204892351	NFIC	427	1	1168	427
2148	chr2	204891773	204892283	ATF7	116	1	930	116
2148	chr2	204891807	204892367	MTA2	182	1	947	182
2148	chr2	204891810	204892290	TBX21	240	1	1234	240
2148	chr2	204891810	204892314	ATF2	573	1	1112	573
2148	chr2	204891815	204892119	PAX5	187	1	29	187
2148	chr2	204891815	204892175	EP300	657	1	589	657
2148	chr2	204891817	204892177	CREM	484	1	1000	484
2148	chr2	204891827	204892251	JUNB	423	1	597	423
2148	chr2	204891828	204892173	TCF12	836	2	433,886	836,613
2148	chr2	204891839	204892259	FOS	656	5	6,438,888,993,1017	146,656,296,606,300
2148	chr2	204891851	204892121	BCL11A	343	1	918	343
2148	chr2	204891864	204892288	PKNOX1	17	1	519	17
2148	chr2	204891874	204892224	ARID3A	512	1	52	512
2148	chr2	204891901	204892191	MEF2C	255	1	455	255
2148	chr2	204891905	204892135	BATF	227	1	162	227
2148	chr2	204891906	204892210	JUND	274	2	99,572	191,274
2148	chr2	204891915	204892205	MEF2A	473	1	7	473
2148	chr2	204891929	204892202	RUNX3	968	1	1063	968
2148	chr2	204891973	204892195	NR2F1	516	1	550	516
2148	chr2	204895648	204896048	FOXA2	185	2	199,842	185,142
2148	chr2	204895656	204896146	ZNF217	192	1	1009	192
2148	chr2	204895709	204896165	MNT	220	1	1157	220
2148	chr2	204895716	204896032	FOXA1	637	4	8,72,1026,1163	201,637,429,308
2148	chr2	204895790	204896266	GATA3	56	1	95	56
2148	chr2	204897784	204898288	TAF15	545	1	726	545
2148	chr2	204901494	204901770	CEBPB	676	4	609,921,1206,1241	311,405,676,489
2148	chr2	204904655	204905131	GATA3	146	1	95	146
2148	chr2	204905595	204905819	CEBPB	268	1	1241	268
2148	chr2	204909564	204909953	GATA3	584	2	89,95	245,584
2148	chr2	204909724	204910168	PKNOX1	79	3	441,519,692	45,16,79
2148	chr2	204911050	204911191	EP300	408	1	625	408
2148	chr2	204914304	204914714	ZNF316	117	1	342	117
2148	chr2	204914321	204914701	MAFK	398	3	117,915,987	367,243,398
2148	chr2	204914372	204914642	MAFF	185	1	553	185
2148	chr2	204914446	204914810	RUNX3	251	1	1063	251
2148	chr2	204916014	204916962	CTCF	1000	85	45,51,57,102,130,153,187,192,194,198,202,228,246,247,260,275,276,292,296,298,330,350,355,361,382,386,394,469,474,493,521,523,546,555,569,624,634,638,643,644,649,651,723,730,731,733,736,743,757,760,780,783,793,804,813,814,815,818,821,826,860,891,894,937,940,966,977,1002,1006,1041,1064,1068,1088,1137,1148,1151,1155,1160,1166,1190,1193,1201,1217,1224,1254	172,193,267,108,389,106,93,282,189,723,322,214,696,809,199,397,247,184,107,530,213,633,727,1000,620,302,164,94,525,165,248,227,517,189,181,90,135,354,88,124,120,195,549,272,251,780,582,369,195,190,599,192,877,192,299,150,54,202,170,120,428,506,128,132,168,163,182,119,249,376,766,170,149,326,628,211,119,297,679,203,1000,170,165,187,365
2148	chr2	204916155	204916551	RAD21	162	4	496,720,830,881	118,143,91,162
2148	chr2	204916181	204916557	ARID3A	368	1	123	368
2148	chr2	204916239	204916529	ZNF143	188	1	368	188
2148	chr2	204916694	204917341	RXRA	111	1	962	111
2148	chr2	204917022	204917153	EP300	425	1	625	425
2148	chr2	204925598	204926373	GATA2	267	1	266	267
2148	chr2	204925607	204926007	BHLHE40	67	1	1034	67
2148	chr2	204925652	204925936	SMARCA4	555	1	820	555
2148	chr2	204925689	204925929	USF1	179	1	75	179
2148	chr2	204925906	204926422	EP300	170	1	625	170
2148	chr2	204925963	204926363	PKNOX1	35	1	441	35
2148	chr2	204926004	204926368	RCOR1	462	1	216	462
2148	chr2	204926013	204926303	GATA3	199	1	89	199
2148	chr2	204926036	204926320	SMARCA4	595	1	820	595
2148	chr2	204933573	204934056	RFX1	67	2	200,729	67,21
2148	chr2	204934096	204934496	FOXA2	86	1	842	86
2148	chr2	204934163	204934437	FOXA1	475	1	72	475
2148	chr2	204934173	204934769	CTBP1	449	2	56,1075	311,449
2148	chr2	204934308	204934475	GATA3	255	1	95	255
2148	chr2	204934489	204934865	ZNF384	177	1	699	177
2148	chr2	204934499	204934739	MAFK	170	1	987	170
2148	chr2	204934538	204934953	PKNOX1	284	1	692	284
2148	chr2	204936360	204936720	RBM25	240	1	904	240
2148	chr2	204936905	204937905	CTCF	1000	139	5,36,37,45,51,54,57,76,86,102,111,113,130,142,153,172,187,192,194,198,202,228,246,247,253,257,260,269,272,275,276,290,292,296,298,316,330,339,350,355,357,358,361,379,382,386,394,406,415,418,422,431,462,469,474,478,493,515,521,523,534,546,555,569,574,580,584,604,624,630,634,643,644,649,651,662,716,723,730,733,736,743,745,757,760,780,783,793,804,813,814,815,817,818,821,826,839,860,864,891,894,906,931,937,940,944,955,966,976,977,979,981,1002,1006,1041,1061,1064,1068,1073,1074,1076,1080,1088,1094,1137,1148,1151,1155,1160,1166,1190,1193,1200,1201,1217,1231,1248,1251,1254	608,116,522,478,551,237,118,124,539,215,190,233,967,193,271,312,225,730,404,688,406,437,1000,444,243,127,652,132,153,187,641,104,593,282,1000,400,585,104,547,876,147,345,1000,191,874,463,499,147,261,297,155,251,359,365,772,249,444,168,950,763,119,813,695,720,271,539,147,113,255,399,362,224,199,200,253,165,629,703,487,863,836,541,255,491,523,768,289,1000,811,356,328,401,123,717,620,281,269,724,196,493,420,302,127,260,646,187,155,213,381,226,248,443,278,492,580,111,705,679,156,472,475,185,344,297,686,853,226,230,526,927,493,1000,110,238,474,251,116,502,760
2148	chr2	204937119	204937489	TRIM22	351	1	189	351
2148	chr2	204937197	204937514	ZNF143	382	3	368,685,1154	382,314,184
2148	chr2	204937202	204937522	ZBTB33	546	2	612,1033	546,112
2148	chr2	204937215	204937680	PKNOX1	71	3	441,467,692	52,20,71
2148	chr2	204937220	204937476	RAD21	1000	9	64,496,586,720,830,881,1019,1197,1212	321,624,436,984,458,1000,136,434,649
2148	chr2	204937270	204937540	SMC3	194	1	600	194
2148	chr2	204938178	204938562	MNT	136	1	414	136
2148	chr2	204939067	204939557	MXI1	272	1	390	272
2148	chr2	204939167	204939571	GATA2	418	1	266	418
2148	chr2	204939278	204939388	RCOR1	1000	1	216	1000
2148	chr2	204942618	204942998	MAFK	395	3	117,915,987	395,174,360
2148	chr2	204942691	204942961	MAFF	198	1	553	198
2148	chr2	204945160	204945419	CEBPB	454	2	1206,1241	337,454
2148	chr2	204946414	204946930	EP300	379	1	625	379
2148	chr2	204946850	204947134	SMARCA4	779	1	820	779
2148	chr2	204946959	204947583	EZH2	831	1	1247	831
2148	chr2	204953512	204953742	CTCF	116	1	733	116
2148	chr2	204953825	204954205	ATF7	324	1	528	324
2148	chr2	204953908	204954143	ATF2	492	1	470	492
2148	chr2	204958304	204958680	ATF2	166	1	470	166
2148	chr2	204962457	204962837	MAFK	149	1	915	149
2148	chr2	204966665	204966981	CTCF	190	5	198,247,298,733,736	190,116,113,171,74
2148	chr2	204968114	204968590	GATA3	156	1	95	156
2148	chr2	204968155	204968535	DACH1	299	1	517	299
2148	chr2	204972732	204973688	CTCF	1000	138	36,37,45,51,54,57,86,102,111,130,153,172,187,192,193,194,198,202,213,228,235,246,247,253,257,260,272,275,276,290,292,296,298,316,330,339,350,355,357,358,361,379,382,394,406,410,415,418,431,462,464,469,474,477,493,521,523,546,569,574,580,584,604,624,630,634,643,644,649,651,703,716,723,730,731,733,736,743,745,757,760,793,804,813,814,815,817,818,821,829,834,838,839,860,864,891,894,906,923,931,937,940,944,976,977,979,1002,1006,1041,1061,1064,1068,1069,1073,1074,1076,1080,1088,1094,1119,1137,1148,1151,1155,1160,1166,1190,1193,1196,1200,1201,1203,1217,1224,1231,1248,1251,1254	476,313,261,635,277,170,242,219,281,898,264,267,795,286,388,732,873,188,200,387,173,365,462,200,415,761,222,221,274,243,198,104,1000,351,245,178,445,163,130,315,280,143,388,379,227,56,219,313,345,414,258,134,455,361,433,249,430,662,527,450,440,158,458,148,740,211,271,104,103,206,137,275,522,306,838,841,656,510,490,261,227,404,321,210,337,279,289,488,234,215,174,187,55,692,92,284,338,192,296,206,187,394,141,165,188,245,108,498,413,304,215,1000,244,375,362,306,182,76,102,249,425,167,283,471,484,360,211,445,334,76,181,379,239,230,120,135,274,343
2148	chr2	204972951	204973331	EGR1	708	2	855,1189	708,165
2148	chr2	204972977	204973372	RAD21	1000	11	38,64,262,348,496,586,720,830,881,1197,1212	378,258,243,308,925,738,874,454,1000,622,829
2148	chr2	204973012	204973288	SMC3	282	1	850	282
2148	chr2	204973031	204973261	BATF	265	1	162	265
2148	chr2	204973039	204973403	RUNX3	284	1	1063	284
2148	chr2	204973044	204973264	ZBTB7A	446	1	1099	446
2148	chr2	204973046	204973330	SMARCA4	397	1	820	397
2148	chr2	204973054	204973430	MEIS2	150	1	163	150
2148	chr2	204973084	204973371	PKNOX1	225	1	692	225
2148	chr2	204973142	204973478	YY1	197	1	688	197
2148	chr2	204973150	204973560	PCBP2	520	1	154	520
2148	chr2	204973822	204974238	RNF2	381	1	356	381
2148	chr2	204973896	204974013	RUNX3	543	1	1063	543
2148	chr2	204974230	204974810	ELF1	122	1	983	122
2148	chr2	204974244	204974788	GATA3	1000	2	89,95	1000,1000
2148	chr2	204974283	204974787	ZHX2	366	1	636	366
2148	chr2	204974300	204974720	FOS	103	1	6	103
2148	chr2	204974312	204974668	JUND	407	1	750	407
2148	chr2	204974333	204974693	RCOR1	521	1	973	521
2148	chr2	204974336	204974666	NEUROD1	432	1	1024	432
2148	chr2	204974337	204974693	ZNF217	683	2	167,1009	572,683
2148	chr2	204974341	204974701	MAFK	98	1	954	98
2148	chr2	204974346	204974676	NCOA3	685	2	182,1127	685,404
2148	chr2	204974349	204974685	GATAD2B	1000	1	393	1000
2148	chr2	204974355	204974731	MBD2	991	1	948	991
2148	chr2	204974368	204974768	PKNOX1	58	1	441	58
2148	chr2	204974374	204975087	SIN3A	424	1	223	424
2148	chr2	204974376	204974760	BMI1	118	1	1097	118
2148	chr2	204974378	204974639	CTBP1	1000	1	56	1000
2148	chr2	204974378	204974648	SMARCE1	839	1	48	839
2148	chr2	204974387	204974757	NFXL1	414	1	100	414
2148	chr2	204974396	204974786	FOXA1	442	2	72,1026	189,442
2148	chr2	204974397	204974682	ESR1	887	2	88,752	440,887
2148	chr2	204974402	204974858	MNT	233	1	1157	233
2148	chr2	204974414	204974551	DPF2	919	1	416	919
2148	chr2	204974429	204974813	RAD51	69	1	404	69
2148	chr2	204974429	204974859	ZNF687	473	1	109	473
2148	chr2	204974446	204974796	MTA1	236	1	1202	236
2148	chr2	204974473	204974783	MYC	943	1	1039	943
2148	chr2	204974543	204975112	ZNF592	303	1	950	303
2148	chr2	204974783	204975047	CTCF	46	1	757	46
2148	chr2	204974897	204975433	POLR2A	996	1	764	996
2148	chr2	204974905	204975401	NR2F1	367	1	550	367
2148	chr2	204974912	204975456	IKZF2	229	1	372	229
2148	chr2	204974948	204975308	EP300	324	1	589	324
2148	chr2	204974954	204975354	BHLHE40	312	2	13,1034	312,89
2148	chr2	204974955	204975375	ETV6	267	1	1134	267
2148	chr2	204974985	204975405	NR2F2	1000	2	87,211	812,1000
2148	chr2	204974993	204975313	REST	169	1	942	169
2148	chr2	204975015	204975439	PKNOX1	23	1	519	23
2148	chr2	204975041	204975234	RUNX3	663	1	1063	663
2148	chr2	204975054	204975307	GATA2	1000	1	873	1000
2148	chr2	204975877	204976387	ATF7	731	3	528,930,1186	731,154,683
2148	chr2	204975935	204976358	ATF2	1000	3	225,470,615	298,1000,92
2148	chr2	204976002	204976272	JUND	546	1	572	546
2148	chr2	204977411	204977865	CREB1	60	3	526,687,1229	60,53,56
2148	chr2	204978877	204979432	NR2F2	1000	2	87,211	1000,1000
2148	chr2	204978879	204979655	POLR2A	651	1	764	651
2148	chr2	204978904	204979348	RXRA	176	1	962	176
2148	chr2	204978921	204979425	SP1	347	2	892,1183	215,347
2148	chr2	204978941	204979694	GATA2	1000	1	873	1000
2148	chr2	204979018	204979632	MAX	336	2	323,1111	336,303
2148	chr2	204979240	204979414	FOS	1000	1	438	1000
2148	chr2	204979647	204979917	ESR1	900	2	88,752	579,900
2148	chr2	204980419	204980739	EBF1	211	1	1020	211
2148	chr2	204980426	204980806	MAFK	221	2	264,915	221,184
2148	chr2	204980463	204980783	BACH1	414	1	957	414
2148	chr2	204980489	204980749	NFE2L2	354	1	809	354
2148	chr2	204980857	204981541	REST	172	1	1233	172
2148	chr2	204980907	204981409	SP1	565	2	892,1183	208,565
2148	chr2	204981028	204981794	YY1	386	2	69,617	350,386
2148	chr2	204981069	204981413	FOXA2	206	1	158	206
2148	chr2	204981897	204982387	NR2F2	279	1	211	279
2148	chr2	204984795	204985205	CTBP1	448	1	56	448
2148	chr2	204984832	204985168	ESRRA	396	1	933	396
2148	chr2	204984858	204985184	ESR1	198	2	752,1147	198,103
2148	chr2	204984890	204985320	ZNF687	782	1	109	782
2148	chr2	204984937	204985095	FOS	241	1	6	241
2148	chr2	204984985	204985075	NCOA3	261	1	182	261
2148	chr2	204985006	204985350	ZNF592	1000	2	950,1144	1000,243
2148	chr2	204986949	204987189	USF1	166	1	1171	166
2148	chr2	204991891	204992649	REST	1000	18	77,233,245,258,293,351,403,502,560,587,832,919,942,1108,1143,1172,1179,1233	725,340,1000,1000,248,1000,563,243,1000,266,560,461,1000,824,1000,263,756,257
2148	chr2	204991960	204992336	EHMT2	245	1	920	245
2148	chr2	204994215	204994900	EP300	947	1	625	947
2148	chr2	204994297	204994719	CREB1	83	2	526,1229	68,83
2148	chr2	204994495	204994871	ATF2	94	1	470	94
2148	chr2	204994606	204995110	SP1	251	1	1183	251
2148	chr2	204996070	204996340	MAFF	188	1	553	188
2148	chr2	204996095	204996335	MAFK	293	1	987	293
2149	chr2	204996951	204997191	SPI1	112	1	445	112
2149	chr2	204997690	204998140	ATF4	61	1	593	61
2149	chr2	204997700	204997979	FOXA1	652	1	72	652
2149	chr2	204997745	204998125	ATF7	160	1	528	160
2149	chr2	204997759	204997926	FOXA2	228	1	842	228
2149	chr2	205000474	205000738	EBF1	141	1	708	141
2149	chr2	205000475	205000839	RUNX3	188	1	1063	188
2149	chr2	205000528	205000758	BATF	195	1	162	195
2149	chr2	205002002	205002623	NR2F2	728	1	87	728
2149	chr2	205002273	205002757	CBX8	548	1	1049	548
2149	chr2	205004697	205005077	NFYB	151	1	1105	151
2149	chr2	205004716	205004968	USF1	198	2	75,1171	100,198
2149	chr2	205004924	205005344	FOS	120	1	6	120
2149	chr2	205005349	205005579	CTCF	159	2	198,733	137,159
2149	chr2	205007690	205007976	CEBPB	173	2	609,1206	170,173
2149	chr2	205007875	205008405	SMC3	76	1	850	76
2149	chr2	205007887	205008391	RAD21	55	1	348	55
2149	chr2	205007895	205008499	MXI1	188	1	1211	188
2149	chr2	205007973	205008357	MNT	150	1	414	150
2149	chr2	205009554	205010683	CTCF	1000	183	12,33,36,37,45,47,51,54,57,76,86,101,102,111,113,119,130,142,153,172,187,192,193,194,198,202,210,213,228,235,243,246,247,253,257,260,269,272,275,276,284,290,292,296,298,316,330,339,350,355,357,358,361,379,382,386,406,410,415,418,422,431,452,462,464,468,469,474,477,478,493,494,508,515,521,523,534,540,546,555,569,574,580,584,604,622,624,630,634,638,642,643,644,649,651,657,662,703,716,723,730,731,733,736,743,745,757,760,780,783,793,804,813,814,815,817,818,821,826,827,829,834,838,839,860,864,891,894,906,922,923,931,937,938,940,944,955,966,971,975,976,977,979,981,1002,1006,1013,1041,1048,1061,1064,1065,1068,1069,1073,1074,1076,1080,1088,1094,1109,1119,1137,1140,1148,1151,1155,1160,1166,1190,1193,1196,1200,1201,1203,1217,1224,1230,1231,1237,1248,1251,1254	1000,1000,872,1000,1000,1000,1000,960,621,1000,1000,363,1000,1000,587,580,1000,1000,1000,963,1000,1000,743,1000,1000,1000,799,889,1000,1000,851,1000,1000,963,522,1000,994,809,700,1000,433,1000,1000,1000,1000,1000,1000,953,1000,1000,1000,1000,1000,876,1000,694,1000,975,940,1000,827,1000,985,1000,676,870,1000,1000,693,1000,1000,407,365,1000,1000,1000,821,1000,1000,679,1000,807,1000,953,937,1000,1000,1000,1000,497,1000,1000,1000,1000,1000,603,1000,603,1000,1000,1000,1000,1000,1000,1000,1000,1000,1000,1000,1000,1000,1000,826,1000,1000,997,1000,1000,1000,948,965,640,1000,1000,1000,930,1000,1000,758,899,829,976,1000,604,1000,1000,1000,1000,453,736,1000,996,1000,601,1000,1000,365,1000,1000,651,1000,876,1000,810,999,1000,1000,1000,1000,1000,516,775,1000,1000,1000,1000,1000,994,1000,897,1000,327,1000,1000,1000,1000,734,691,1000,682,912,1000,1000
2149	chr2	205009840	205010458	RAD21	1000	12	38,64,262,348,496,586,720,830,881,1019,1197,1212	878,1000,1000,1000,1000,1000,1000,1000,1000,1000,1000,1000
2149	chr2	205009842	205010443	SMC3	1000	6	85,196,600,850,1095,1101	731,518,414,1000,356,1000
2149	chr2	205009878	205010428	EP300	176	2	625,1243	172,176
2149	chr2	205009883	205010393	SP1	239	1	1213	239
2149	chr2	205009887	205010471	YY1	445	5	69,146,484,688,1012	281,445,259,271,202
2149	chr2	205009891	205010347	ZNF444	272	1	195	272
2149	chr2	205009894	205010378	XRCC5	1000	1	695	1000
2149	chr2	205009936	205010392	TRIM22	903	3	189,652,844	903,533,663
2149	chr2	205009941	205010365	ZNF143	498	4	368,516,685,1154	397,45,498,379
2149	chr2	205009942	205010386	RXRA	147	1	962	147
2149	chr2	205009945	205010355	REST	105	1	293	105
2149	chr2	205009985	205010301	JUND	382	1	542	382
2149	chr2	205009994	205010646	POLR2A	54	2	328,437	54,50
2149	chr2	205009999	205010255	SMARCA5	834	1	856	834
2149	chr2	205010000	205010440	GATA2	130	1	873	130
2149	chr2	205010004	205010304	BRCA1	164	1	648	164
2149	chr2	205010007	205010419	CREB1	127	2	526,687	112,127
2149	chr2	205010012	205010512	E2F1	61	1	274	61
2149	chr2	205010039	205010323	SMARCA4	452	1	820	452
2149	chr2	205010116	205010592	GATA3	118	1	95	118
2149	chr2	205010350	205010886	E4F1	47	1	1045	47
2149	chr2	205010413	205010833	ELF1	280	1	300	280
2149	chr2	205014191	205014773	ESRRA	637	1	405	637
2149	chr2	205014414	205014724	IRF1	234	1	96	234
2149	chr2	205015403	205016019	POLR2A	34	1	570	34
2149	chr2	205015551	205015848	CTCF	450	5	198,247,546,733,1068	369,314,211,397,450
2149	chr2	205017542	205018058	EP300	202	1	625	202
2149	chr2	205019546	205019966	MITF	71	1	312	71
2149	chr2	205019602	205019962	RAD51	189	1	868	189
2149	chr2	205025541	205025891	HDAC2	475	1	988	475
2149	chr2	205026057	205026341	FOXA1	120	1	402	120
2149	chr2	205028218	205028598	MAFK	189	2	915,987	143,189
2149	chr2	205028255	205028625	ZNF184	462	1	371	462
2149	chr2	205028287	205028557	MAFF	132	1	553	132
2149	chr2	205030391	205030681	GATA3	334	1	89	334
2149	chr2	205032422	205032802	PKNOX1	31	1	692	31
2149	chr2	205034251	205034404	ZBTB11	205	1	20	205
2149	chr2	205034623	205034983	RBM25	163	1	904	163
2149	chr2	205035218	205035502	SMARCA4	510	1	820	510
2149	chr2	205035349	205035753	GATA2	206	1	266	206
2149	chr2	205038706	205039202	EP300	162	1	1243	162
2149	chr2	205039229	205039772	GATA3	246	2	95,1161	147,246
2149	chr2	205039281	205039685	GATA2	268	1	266	268
2149	chr2	205040196	205040746	NRF1	52	1	759	52
2149	chr2	205040419	205040750	FOXA1	183	2	8,402	183,131
2149	chr2	205040664	205041014	YY1	211	1	896	211
2149	chr2	205040703	205040987	SMARCA4	826	1	820	826
2149	chr2	205040704	205040905	GATA2	713	1	266	713
2149	chr2	205040709	205041222	GATA3	971	1	1161	971
2149	chr2	205040787	205040879	RCOR1	1000	1	216	1000
2149	chr2	205040880	205041370	MXI1	103	1	390	103
2149	chr2	205041916	205042420	HNRNPK	565	1	889	565
2149	chr2	205042437	205043383	CTCF	1000	165	5,12,33,36,37,45,47,51,54,57,76,86,102,111,113,130,142,153,187,192,194,198,202,213,228,243,246,247,253,257,260,269,272,275,276,290,292,296,298,316,330,339,350,355,357,358,361,379,382,386,394,406,410,415,418,422,431,452,462,464,469,474,477,478,493,494,515,521,523,534,546,555,569,574,580,584,604,622,624,630,634,642,643,644,649,651,662,716,723,730,731,733,736,743,745,757,760,780,783,793,804,813,814,815,817,818,821,826,827,829,834,839,860,864,891,894,906,922,923,931,937,940,944,955,966,971,976,977,979,981,1002,1006,1013,1041,1048,1061,1064,1065,1068,1069,1073,1074,1076,1080,1088,1094,1119,1137,1140,1148,1151,1155,1160,1166,1190,1193,1196,1200,1201,1203,1217,1231,1248,1251,1254	387,459,438,296,484,415,314,506,294,386,312,739,531,390,184,1000,411,648,246,250,471,591,732,472,731,255,1000,504,257,205,403,151,257,263,629,274,783,577,945,462,839,259,765,923,322,438,1000,348,638,366,408,369,324,418,524,181,358,215,960,313,387,976,358,386,319,187,160,830,743,217,1000,346,537,303,574,291,395,323,391,366,474,187,419,238,244,314,195,244,704,516,468,826,419,928,523,742,578,948,738,1000,796,431,520,249,335,657,165,470,153,589,122,353,859,308,927,729,557,411,313,326,376,658,285,260,729,407,344,505,251,321,404,620,110,779,235,223,951,305,357,196,230,541,621,381,404,349,349,785,402,834,204,96,216,815,444,1000,131,433,214,311,723,371,266,304,1000
2149	chr2	205042566	205043298	REST	905	9	258,293,351,560,587,832,942,1143,1179	905,59,380,294,155,90,464,122,368
2149	chr2	205042645	205043089	TRIM22	578	2	189,844	578,381
2149	chr2	205042645	205042989	YY1	165	1	146	165
2149	chr2	205042680	205042958	SMC3	832	4	196,600,1095,1101	756,832,335,315
2149	chr2	205042685	205042948	RAD21	707	8	64,496,586,720,830,881,1197,1212	201,665,399,427,427,707,513,406
2149	chr2	205042686	205042970	ZNF143	261	1	685	261
2149	chr2	205042711	205042987	CEBPB	127	1	609	127
2149	chr2	205045169	205046052	TRIM28	712	1	524	712
2149	chr2	205045332	205045796	RXRA	422	2	628,962	355,422
2149	chr2	205045377	205045817	HNF4A	126	1	92	126
2149	chr2	205045458	205045838	PKNOX1	50	1	692	50
2149	chr2	205048333	205048743	CTBP1	578	1	56	578
2149	chr2	205048336	205048736	DPF2	291	1	416	291
2149	chr2	205048347	205048837	ZNF217	135	1	1009	135
2149	chr2	205048357	205048713	JUND	433	1	750	433
2149	chr2	205048398	205048688	GATA3	520	1	89	520
2149	chr2	205048422	205048662	FOXA1	449	1	1026	449
2149	chr2	205048591	205048771	CTCF	70	1	716	70
2149	chr2	205052002	205052342	STAT5A	428	1	131	428
2149	chr2	205052026	205052490	ESRRA	349	1	405	349
2149	chr2	205052387	205052787	BHLHE40	43	1	1034	43
2149	chr2	205052389	205052799	HNF1A	219	1	1136	219
2149	chr2	205052416	205052880	RXRA	657	2	628,962	358,657
2149	chr2	205052417	205052837	JUND	401	1	94	401
2149	chr2	205052436	205053063	ATF3	298	1	1028	298
2149	chr2	205052456	205052860	HNF4A	211	1	677	211
2149	chr2	205052493	205052749	SP1	566	1	892	566
2149	chr2	205052558	205052758	USF1	143	1	107	143
2149	chr2	205055479	205055735	REST	160	1	258	160
2149	chr2	205056709	205056949	FOXA1	149	1	1026	149
2149	chr2	205059899	205060249	YY1	279	1	896	279
2149	chr2	205060016	205060356	RFX5	267	1	694	267
2149	chr2	205060154	205060644	MXI1	472	1	390	472
2149	chr2	205060175	205060539	RCOR1	577	1	216	577
2149	chr2	205060219	205060928	GATA2	116	1	266	116
2149	chr2	205061908	205062468	NRF1	50	3	114,385,1257	50,13,16
2149	chr2	205063972	205064486	MAX	611	2	323,1111	274,611
2149	chr2	205063990	205064574	YY1	303	1	69	303
2149	chr2	205064019	205064439	JUND	391	1	94	391
2149	chr2	205064034	205064554	ZBTB33	322	1	802	322
2149	chr2	205064040	205064504	RXRA	925	2	628,962	334,925
2149	chr2	205064064	205064504	HNF4A	562	2	92,677	178,562
2149	chr2	205064103	205064447	FOXA1	522	1	1092	522
2149	chr2	205064109	205064453	FOXA2	349	1	395	349
2149	chr2	205064130	205064546	ATF3	630	1	1028	630
2149	chr2	205064134	205064395	SP1	728	1	892	728
2149	chr2	205064184	205064488	MYC	261	1	696	261
2149	chr2	205064190	205064478	STAT3	1000	2	367,1011	1000,629
2149	chr2	205064191	205064458	FOS	488	3	888,993,1017	200,439,488
2149	chr2	205064217	205064473	CEBPB	300	2	921,1241	300,291
2149	chr2	205066264	205066704	HNF4A	343	2	92,677	215,343
2149	chr2	205066852	205067436	YY1	264	1	69	264
2149	chr2	205066875	205067395	ZBTB33	274	1	802	274
2149	chr2	205066977	205067437	MAX	295	1	1111	295
2149	chr2	205066984	205067602	ATF3	439	1	1028	439
2149	chr2	205067010	205067328	RXRA	589	1	962	589
2149	chr2	205067012	205067462	RAD21	121	1	586	121
2149	chr2	205067032	205067314	HNF4A	532	1	677	532
2149	chr2	205067054	205067398	FOXA2	395	1	395	395
2149	chr2	205067067	205067329	SP1	459	1	892	459
2149	chr2	205068621	205068731	PKNOX1	56	1	441	56
2149	chr2	205070128	205070724	TCF7L2	618	1	118	618
2149	chr2	205070271	205070555	SMARCA4	496	1	820	496
2149	chr2	205070304	205070624	SP1	302	1	1066	302
2149	chr2	205070334	205070594	TCF12	1000	1	429	1000
2149	chr2	205070341	205070641	EP300	419	1	338	419
2149	chr2	205070394	205070575	NANOG	1000	2	531,753	1000,1000
2149	chr2	205070447	205070598	CHD7	741	1	796	741
2149	chr2	205075048	205075332	SMARCA4	653	1	820	653
2149	chr2	205075796	205076186	CREB1	102	1	1229	102
2149	chr2	205075816	205076196	ATF7	198	1	528	198
2149	chr2	205075905	205076005	ATF2	248	1	470	248
2149	chr2	205077628	205077756	MNT	375	1	414	375
2149	chr2	205078174	205078850	TRIM28	794	2	524,554	794,357
2149	chr2	205085465	205086289	CTCF	127	5	355,521,523,569,736	109,127,55,99,125
2149	chr2	205085599	205085991	ATF2	237	2	470,615	237,45
2149	chr2	205088627	205089007	MAFK	317	3	117,915,987	304,193,317
2149	chr2	205090255	205091653	EZH2	336	1	772	336
2149	chr2	205090423	205090803	PKNOX1	67	1	692	67
2149	chr2	205091260	205091936	TRIM28	473	1	524	473
2149	chr2	205092905	205093309	GATA2	118	1	266	118
2149	chr2	205092966	205093330	RCOR1	358	1	216	358
2149	chr2	205093195	205093871	TRIM28	784	1	524	784
2149	chr2	205093297	205093677	NANOG	942	2	531,753	335,942
2149	chr2	205093325	205093705	PKNOX1	55	1	692	55
2149	chr2	205093371	205093655	SMARCA4	396	1	820	396
2149	chr2	205094971	205095171	CTCF	67	1	298	67
2149	chr2	205098966	205099370	GATA2	338	1	266	338
2149	chr2	205099146	205099386	USF1	110	1	75	110
2149	chr2	205099524	205099920	RAD51	67	1	1098	67
2149	chr2	205099538	205099868	USF2	532	3	161,259,325	257,532,56
2149	chr2	205099600	205099980	NFYB	350	1	1105	350
2149	chr2	205099619	205099848	MITF	166	1	312	166
2149	chr2	205099629	205099872	USF1	377	2	75,1171	240,377
2149	chr2	205101353	205101733	NFIB	109	1	179	109
2149	chr2	205103533	205103773	FOXA1	191	1	1026	191
2149	chr2	205104576	205104720	SMARCA4	1000	1	820	1000
2149	chr2	205105666	205106085	EP300	1000	1	625	1000
2149	chr2	205109615	205109975	RAD51	67	1	868	67
2149	chr2	205109712	205109912	USF1	162	1	107	162
2149	chr2	205111594	205111844	EP300	133	1	311	133
2149	chr2	205113390	205113790	FOXA2	94	1	842	94
2149	chr2	205114671	205114861	CTCF	167	1	1068	167
2149	chr2	205115406	205115770	RUNX3	198	1	1063	198
2149	chr2	205116015	205116491	GATA3	1000	2	89,95	1000,188
2149	chr2	205116085	205116489	GATA2	732	1	266	732
2149	chr2	205120155	205120651	EP300	206	2	273,1243	206,134
2149	chr2	205121539	205122029	NR2F2	354	1	211	354
2149	chr2	205121607	205121977	GABPA	251	1	354	251
2149	chr2	205121662	205121932	SPI1	534	1	1192	534
2149	chr2	205121938	205122338	FOS	624	5	6,438,888,993,1017	293,602,538,624,567
2149	chr2	205121948	205122358	CREB1	43	1	526	43
2149	chr2	205121956	205122352	JUND	278	3	99,559,572	278,156,234
2149	chr2	205122032	205122292	FOSL2	222	1	571	222
2149	chr2	205123489	205123865	ATF2	87	1	470	87
2149	chr2	205123682	205124110	RFX5	247	2	623,694	247,231
2149	chr2	205123715	205123955	ESR1	674	1	165	674
2149	chr2	205123774	205123890	RFX1	55	1	1003	55
2149	chr2	205124418	205125562	CTCF	1000	182	5,12,33,36,37,45,47,51,54,57,76,86,101,102,111,113,119,130,142,153,172,187,192,193,194,198,202,210,213,228,235,243,246,247,253,257,260,269,272,275,276,284,290,292,296,298,316,330,339,350,355,357,358,361,379,382,386,394,406,410,415,418,422,431,452,462,464,468,469,474,477,478,493,494,515,521,523,534,540,546,555,569,574,580,584,604,622,624,630,634,638,642,643,644,649,651,657,662,703,716,723,730,731,733,736,743,745,757,760,780,783,793,804,813,814,815,817,818,821,826,827,829,834,838,839,860,864,891,894,906,922,923,931,937,940,944,955,966,971,975,976,977,979,981,1002,1006,1013,1041,1048,1061,1064,1065,1068,1069,1073,1074,1076,1080,1088,1094,1109,1119,1137,1140,1148,1151,1155,1160,1166,1190,1193,1196,1200,1201,1203,1217,1224,1230,1231,1248,1251,1254	895,722,674,562,893,755,635,845,899,825,857,854,311,897,988,613,680,1000,821,1000,1000,1000,870,825,928,651,1000,624,627,1000,635,521,1000,1000,729,613,883,835,736,1000,825,642,1000,1000,1000,1000,741,502,432,1000,1000,1000,1000,1000,620,822,318,668,1000,711,544,857,422,993,702,1000,658,591,849,1000,662,620,850,392,493,1000,611,488,501,1000,636,1000,921,535,644,828,668,618,942,843,428,1000,613,672,1000,1000,635,970,402,672,1000,869,917,951,1000,1000,899,879,349,1000,1000,1000,1000,851,473,875,1000,553,625,947,426,670,749,1000,731,678,507,676,1000,766,777,540,669,1000,359,947,540,649,693,646,939,465,951,1000,666,1000,327,1000,412,410,1000,520,244,687,858,1000,375,642,1000,664,332,590,647,873,1000,992,875,473,1000,760,1000,288,1000,811,961,1000,253,912,821,833,398,683
2149	chr2	205124737	205125316	RAD21	1000	12	38,64,262,348,496,586,720,830,881,1019,1197,1212	448,723,453,985,1000,1000,1000,204,1000,855,1000,1000
2149	chr2	205124745	205125314	SMC3	1000	6	85,196,600,850,1095,1101	880,660,330,1000,399,513
2149	chr2	205124754	205125398	TRIM28	668	1	768	668
2149	chr2	205124783	205125299	EP300	260	1	625	260
2149	chr2	205124814	205125298	XRCC5	533	1	695	533
2149	chr2	205124826	205125202	ARID3A	361	1	123	361
2149	chr2	205124828	205125198	TRIM22	375	1	189	375
2149	chr2	205124831	205125241	REST	88	1	293	88
2149	chr2	205124841	205125192	YY1	224	2	146,688	197,224
2149	chr2	205124865	205125185	EBF1	759	2	708,1020	645,759
2149	chr2	205124867	205125231	RCOR1	280	1	216	280
2149	chr2	205124870	205125090	ZBTB7A	865	1	1099	865
2149	chr2	205124881	205125165	SMARCA4	590	1	820	590
2149	chr2	205124883	205125167	ZNF143	304	1	685	304
2149	chr2	205124938	205125514	MEF2B	223	1	412	223
2149	chr2	205125735	205126019	SMARCA4	451	1	820	451
2149	chr2	205127067	205127451	SREBF1	223	1	1180	223
2150	chr2	205128671	205129051	PKNOX1	68	1	692	68
2150	chr2	205128721	205129446	L3MBTL2	201	1	50	201
2150	chr2	205128769	205129760	SMC3	81	1	850	81
2150	chr2	205129082	205129566	CTCF	73	2	976,1166	62,73
2150	chr2	205129083	205129587	RAD21	61	1	348	61
2150	chr2	205129595	205129679	SMARCA4	1000	1	820	1000
2150	chr2	205131100	205131357	CEBPB	242	2	921,1206	242,235
2150	chr2	205131406	205131636	CTCF	153	1	1160	153
2150	chr2	205132984	205133937	CTCF	685	35	33,37,51,111,130,153,198,228,260,298,350,355,358,382,474,546,569,634,649,716,723,730,731,733,736,793,813,839,894,976,1041,1068,1155,1160,1217	134,250,138,197,225,175,190,146,91,685,154,280,147,349,143,118,116,108,95,243,205,294,185,278,173,339,195,66,155,142,126,152,76,108,117
2150	chr2	205133265	205133503	RAD21	779	4	720,881,1019,1197	599,779,162,175
2150	chr2	205136892	205137192	EP300	403	1	338	403
2150	chr2	205137981	205138297	STAT3	175	1	367	175
2150	chr2	205138429	205138793	RCOR1	253	1	216	253
2150	chr2	205139247	205139531	SMARCA4	518	1	820	518
2150	chr2	205139621	205140117	EP300	242	1	1243	242
2150	chr2	205141988	205142272	SMARCA4	405	1	820	405
2150	chr2	205144555	205144795	MAFK	235	1	987	235
2150	chr2	205144849	205145245	RLF	480	1	1252	480
2150	chr2	205144880	205145280	FOXM1	179	1	683	179
2150	chr2	205144885	205145391	ARID1B	604	1	362	604
2150	chr2	205144892	205145336	NFIC	143	1	112	143
2150	chr2	205144893	205145373	CBFA2T3	648	1	934	648
2150	chr2	205144896	205145446	ATF7	141	1	664	141
2150	chr2	205144902	205145343	TAL1	804	2	326,610	804,695
2150	chr2	205144905	205145245	STAT5A	218	1	131	218
2150	chr2	205144909	205145253	KLF16	425	1	138	425
2150	chr2	205144920	205145300	TRIM24	429	2	846,980	318,429
2150	chr2	205144924	205145240	EP300	487	1	392	487
2150	chr2	205144925	205145225	GATA2	328	1	650	328
2150	chr2	205144928	205145324	TCF12	404	2	603,996	396,404
2150	chr2	205144933	205145373	CC2D1A	269	1	304	269
2150	chr2	205144934	205145488	NCOR1	512	2	566,1223	475,512
2150	chr2	205144935	205145422	KDM1A	371	2	345,1016	318,371
2150	chr2	205144935	205145424	NR2F2	470	2	87,837	470,412
2150	chr2	205144938	205145408	C11orf30	84	1	1133	84
2150	chr2	205144944	205145318	CBFA2T2	544	1	702	544
2150	chr2	205144953	205145397	NCOA1	219	1	230	219
2150	chr2	205144959	205145375	HDAC2	260	1	164	260
2150	chr2	205144966	205145222	GATA1	549	1	995	549
2150	chr2	205144980	205145283	NR2F1	377	1	1114	377
2150	chr2	205144980	205145191	TEAD4	896	1	176	896
2150	chr2	205144996	205145167	MTA2	364	1	653	364
2150	chr2	205144997	205145567	DPF2	446	2	291,1031	446,395
2150	chr2	205145044	205145161	SOX6	279	1	447	279
2150	chr2	205145047	205145282	SMARCA4	365	1	282	365
2150	chr2	205145047	205145211	HDAC1	333	1	914	333
2150	chr2	205145048	205145278	IKZF1	219	1	740	219
2150	chr2	205145052	205145316	NFE2	281	1	448	281
2150	chr2	205145052	205145332	MAFK	197	1	65	197
2150	chr2	205145070	205145446	MEIS2	85	1	163	85
2150	chr2	205145097	205145351	ATF3	225	1	1059	225
2150	chr2	205146594	205147176	CTCF	216	7	130,298,382,643,733,743,793	84,215,216,55,76,154,192
2150	chr2	205146990	205147307	FOXA1	193	2	8,402	193,140
2150	chr2	205147096	205147672	CHD7	504	1	796	504
2150	chr2	205147249	205147629	TBP	141	1	874	141
2150	chr2	205147273	205147573	EP300	535	1	338	535
2150	chr2	205147279	205147599	BACH1	360	1	957	360
2150	chr2	205147279	205147519	RAD21	108	1	881	108
2150	chr2	205147303	205147587	MAFK	238	1	264	238
2150	chr2	205147309	205147565	FOXA2	181	1	199	181
2150	chr2	205147317	205147664	NANOG	998	2	531,753	353,998
2150	chr2	205147321	205147565	JUN	494	1	1156	494
2150	chr2	205147324	205147580	REST	55	1	258	55
2150	chr2	205147332	205147648	JUND	1000	2	542,674	1000,887
2150	chr2	205147340	205147600	FOSL2	222	1	571	222
2150	chr2	205147355	205147625	MAFF	144	1	553	144
2150	chr2	205148206	205148606	FOXA2	87	1	842	87
2150	chr2	205149011	205149765	RNF2	714	2	356,678	714,320
2150	chr2	205149458	205149902	NFIC	51	1	112	51
2150	chr2	205149504	205149884	NFIB	125	1	179	125
2150	chr2	205153747	205154177	ATF3	235	1	186	235
2150	chr2	205153840	205154121	CEBPB	474	3	921,1206,1241	268,243,474
2150	chr2	205153863	205154133	JUND	222	1	572	222
2150	chr2	205153920	205154147	ATF4	172	1	593	172
2150	chr2	205157178	205157565	YY1	363	6	263,500,688,896,1012,1222	121,363,297,210,287,179
2150	chr2	205157197	205157557	TEAD4	230	1	176	230
2150	chr2	205157843	205158253	CREB1	40	1	526	40
