chr	start	pos	afr_allele	arc_allele	AH_inSilicoMut	tad	genes	eQTL_genes	chen20_haplotypeOverlap	1kgp AF	CTCF_motif_score
chr1	39081567	39081568	A	T	D:0.0128:(chr1:38273024-39321600:D)	chr1:38490672-39300672	POU3F1	.	.	.	13.390999999999998
chr1	57093415	57093416	C	T	D:0.0059:(chr1:56623104-57671680:D)	chr1:57050673-57290673	C1orf168, PRKAA2	.	.	.	.
chr1	74305803	74305804	G	A	C:0.0279:(chr1:73924608-74973184:V,C,A); A:0.0279:(chr1:73924608-74973184:V,C,A); V:0.0279:(chr1:73924608-74973184:V,C,A)	chr1:72750683-74475684	.	.	.	.	17.805
chr1	81831636	81831637	T	C	D:0.0073:(chr1:81264640-82313216:D)	chr1:80715685-82005685	.	.	.	.	7.2686
chr1	81880299	81880300	C	G	D:0.0077:(chr1:81264640-82313216:D)	chr1:80715685-82005685	.	.	.	.	.
chr1	89920913	89920914	C	T	D:0.0214:(chr1:89653248-90701824:D)	.	.	.	.	.	10.4602
chr1	99119823	99119824	G	C	C:0.0042:(chr1:98566144-99614720:C)	chr1:98935556-99235556	SNX7	.	.	.	9.6669
chr1	99119824	99119825	G	T	C:0.0077:(chr1:98566144-99614720:C)	chr1:98935556-99235556	SNX7	.	.	.	.
chr1	107518783	107518784	G	T	D:0.0743:(chr1:106954752-108003328:D)	chr1:106422622-107572622	.	.	.	.	9.3303
chr1	156326903	156326904	G	C	C:0.0049:(chr1:155713536-156762112:C)	chr1:156314791-156419792	RHBG, TSACC, C1orf61	.	.	.	15.5036
chr1	156326907	156326908	G	A	C:0.0050:(chr1:155713536-156762112:C)	chr1:156314791-156419792	RHBG, TSACC, C1orf61	.	.	.	.
chr1	159131000	159131001	G	A	C:0.0048:(chr1:158859264-159907840:C); C:0.0049:(chr1:158334976-159383552:C)	chr1:159059790-159189790	ACKR1, CADM3	.	.	.	9.8868
chr1	194308807	194308808	C	T	V:0.1548:(chr1:193986560-195035136:V)	chr1:194119130-195699130	.	.	.	.	5.6259
chr1	212988539	212988540	G	C	A:0.0195:(chr1:212860928-213909504:V,C,A); V:0.0195:(chr1:212860928-213909504:V,C,A); V:0.0191:(chr1:212336640-213385216:V,C,A); A:0.0191:(chr1:212336640-213385216:V,C,A); C:0.0191:(chr1:212336640-213385216:V,C,A); C:0.0195:(chr1:212860928-213909504:V,C,A)	chr1:212968342-213293342	FLVCR1, SPATA45, VASH2, TATDN3, ANGEL2, RPS6KC1	SPATA45:3.34e-12:Testis; TATDN3:3.03e-05:Artery_Coronary; TATDN3:1.94e-05:Lung; TATDN3:5.73e-07:Spleen; FLVCR1-DT:0.000129:Thyroid; TATDN3:3.55e-09:Adipose_Visceral_Omentum; NSL1:0.00016:Esophagus_Muscularis; TATDN3:9.29e-12:Esophagus_Muscularis; TATDN3:2.78e-13:Artery_Aorta; TATDN3:6.41e-07:Artery_Tibial; SPATA45:5.78e-06:Brain_Hippocampus; SPATA45:0.000155:Thyroid; TATDN3:6.58e-14:Muscle_Skeletal; TATDN3:5.7e-09:Adipose_Subcutaneous; TATDN3:2.35e-08:Pituitary; FLVCR1:0.000149:Thyroid; TATDN3:2.11e-08:Nerve_Tibial; SPATA45:5.11e-06:Brain_Cortex; TATDN3:4.07e-06:Brain_Cerebellum; TATDN3:2.96e-05:Esophagus_Gastroesophageal_Junction; TATDN3:6.49e-08:Skin_Not_Sun_Exposed_Suprapubic; TATDN3:4.83e-05:Breast_Mammary_Tissue; SPATA45:2.58e-06:Nerve_Tibial; TATDN3:1.91e-07:Heart_Left_Ventricle; TATDN3:4.76e-11:Skin_Sun_Exposed_Lower_leg; TATDN3:1.07e-14:Thyroid; FLVCR1-DT:2.65e-05:Skin_Sun_Exposed_Lower_leg; FLVCR1:1.36e-05:Nerve_Tibial; TATDN3:2.06e-05:Esophagus_Mucosa	.	AF=0.0202,EAS_AF=0.0119,AMR_AF=0.0202,EUR_AF=0.0368,SAS_AF=0.0378,AFR_AF=0.0008	14.6123
chr1	220469775	220469776	T	C	D:0.0050:(chr1:219676672-220725248:V,D); V:0.0050:(chr1:219676672-220725248:V,D)	chr1:220358342-220973342	RAB3GAP2, MARK1, C1orf115, MARC1, MARC2	.	.	AF=0.0661,EAS_AF=0.0486,AMR_AF=0.0519,EUR_AF=0.126,SAS_AF=0.112,AFR_AF=0.0076	.
chr1	234250527	234250528	G	C	V:0.0372:(chr1:233832448-234881024:V); V:0.0074:(chr1:233308160-234356736:V)	.	.	.	.	.	13.0378
chr10	22015674	22015675	A	G	D:0.0044:(chr10:21495808-22544384:D)	chr10:21783929-22018929	MLLT10, CASC10, SKIDA1	.	.	.	.
chr10	62724107	62724108	T	C	V:0.0202:(chr10:62390272-63438848:V,C,A,D); A:0.0202:(chr10:62390272-63438848:V,C,A,D); C:0.0202:(chr10:62390272-63438848:V,C,A,D); D:0.0202:(chr10:62390272-63438848:V,C,A,D)	chr10:62539758-62724758	CDK1, RHOBTB1	.	.	AF=0.0012,EAS_AF=0,AMR_AF=0.0029,EUR_AF=0,SAS_AF=0.0041,AFR_AF=0	12.2143,8.4019
chr10	84812944	84812945	G	A	A:0.0704:(chr10:84410368-85458944:A)	chr10:84754756-85894756	.	.	.	.	7.7322
chr10	129362385	129362386	C	T	D:0.0472:(chr10:128974848-130023424:D)	chr10:129258264-129863264	NPS, FOXI2, PTPRE, CLRN3	.	.	.	15.7952
chr11	10098602	10098603	C	T	V:0.0084:(chr11:9437184-10485760:V)	chr11:10001547-10326547	SBF2, ADM	.	.	.	16.8881
chr11	19959991	19959992	G	A	D:0.0070:(chr11:19398656-20447232:D)	chr11:19931546-20151546	NAV2	.	.	.	7.2167,13.4507
chr11	23043039	23043040	C	T	D:0.0081:(chr11:22544384-23592960:D)	chr11:22856546-23541546	CCDC179	.	.	.	9.6628
chr11	58926119	58926120	C	T	V:0.0056:(chr11:58720256-59768832:V); V:0.0054:(chr11:58195968-59244544:V)	chr11:58422473-58927473	FAM111A, GLYAT, FAM111B, GLYATL2, GLYATL1	.	.	.	12.6391,6.058
chr11	75918815	75918816	G	C	D:0.0067:(chr11:74973184-76021760:D); D:0.0303:(chr11:75497472-76546048:D)	.	.	.	.	.	12.1286
chr11	116147488	116147489	T	A	C:0.0325:(chr11:115867648-116916224:V,C,A); V:0.0325:(chr11:115867648-116916224:V,C,A); V:0.1458:(chr11:115343360-116391936:V,C,A); A:0.0325:(chr11:115867648-116916224:V,C,A); C:0.1458:(chr11:115343360-116391936:V,C,A); A:0.1458:(chr11:115343360-116391936:V,C,A)	chr11:115200719-116595716	CADM1	.	.	AF=0.0248,EAS_AF=0.004,AMR_AF=0.0461,EUR_AF=0.0557,SAS_AF=0.0256,AFR_AF=0.0053	15.055,8.2028
chr11	127228219	127228220	G	T	D:0.0147:(chr11:126877696-127926272:D); D:0.0077:(chr11:126353408-127401984:D)	chr11:126869896-127694895	KIRREL3	.	.	.	5.9355
chr11	132811125	132811126	C	T	D:0.0230:(chr11:132120576-133169152:D)	chr11:132004894-132944895	OPCML, NTM	.	.	.	9.9739
chr12	44759907	44759908	A	G	D:0.0064:(chr12:44564480-45613056:D)	chr12:44313803-45333783	NELL2, TMEM117	.	.	.	.
chr12	60392107	60392108	G	C	C:0.0126:(chr12:59768832-60817408:V,C,A); V:0.0126:(chr12:59768832-60817408:V,C,A); A:0.0126:(chr12:59768832-60817408:V,C,A)	chr12:60228781-60498781	.	.	.	AF=0.00739,EAS_AF=0.0109,AMR_AF=0.0014,EUR_AF=0.006,SAS_AF=0.0194,AFR_AF=0	6.526
chr13	39591123	39591124	C	T	V:0.0075:(chr13:39321600-40370176:V); V:0.0135:(chr13:38797312-39845888:V)	chr13:39159137-39614137	NHLRC3, FREM2, PROSER1, STOML3	ENSG00000273507:1.54e-05:Brain_Putamen_basal_ganglia; ENSG00000273507:4.19e-05:Brain_Hippocampus; PROSER1:1.67e-06:Adipose_Subcutaneous; PROSER1:5.71e-05:Pituitary; PROSER1:6.74e-07:Skin_Not_Sun_Exposed_Suprapubic; ENSG00000273507:3.24e-08:Brain_Caudate_basal_ganglia; PROSER1:3.54e-10:Muscle_Skeletal; PROSER1:3.68e-06:Skin_Sun_Exposed_Lower_leg; PROSER1:1.5e-08:Adipose_Visceral_Omentum	.	AF=0.0403,EAS_AF=0,AMR_AF=0.0706,EUR_AF=0.0437,SAS_AF=0.107,AFR_AF=0.003	12.7892
chr13	50011293	50011294	T	G	A:0.0079:(chr13:49283072-50331648:A)	chr13:49874136-50014136	CAB39L	.	.	.	.
chr13	88762337	88762338	T	C	V:0.0530:(chr13:88080384-89128960:V); V:0.0635:(chr13:88604672-89653248:V)	chr13:88032255-88837255	SLITRK5	.	.	AF=0.0026,EAS_AF=0.0119,AMR_AF=0,EUR_AF=0,SAS_AF=0.001,AFR_AF=0	5.6104
chr13	93549282	93549283	G	A	V:0.0153:(chr13:93323264-94371840:V); A:0.0177:(chr13:92798976-93847552:V,C,A); V:0.0177:(chr13:92798976-93847552:V,C,A); C:0.0177:(chr13:92798976-93847552:V,C,A)	chr13:92792253-93567253	GPC5	.	.	.	.
chr13	108302639	108302640	G	A	A:0.0081:(chr13:108003328-109051904:V,C,A); C:0.0081:(chr13:108003328-109051904:V,C,A); V:0.0081:(chr13:108003328-109051904:V,C,A)	chr13:107822348-108862348	LIG4, FAM155A	.	chr13:108086024-108734706:non-African:FAM155A ; BC043519	AF=0.0635,EAS_AF=0.194,AMR_AF=0.0634,EUR_AF=0.007,SAS_AF=0.044,AFR_AF=0.0219	.
chr14	24950946	24950947	C	G	C:0.0089:(chr14:24641536-25690112:C)	chr14:24914206-25154206	GZMH, CMA1, GZMB, CTSG	.	.	.	12.1752
chr14	40722209	40722210	C	T	V:0.0238:(chr14:39845888-40894464:V,C,A); A:0.0238:(chr14:39845888-40894464:V,C,A); V:0.2868:(chr14:40370176-41418752:V,C,A); A:0.2868:(chr14:40370176-41418752:V,C,A); C:0.0238:(chr14:39845888-40894464:V,C,A); C:0.2868:(chr14:40370176-41418752:V,C,A)	chr14:39904204-42564203	LRFN5	.	.	AF=0.000998,EAS_AF=0.005,AMR_AF=0,EUR_AF=0,SAS_AF=0,AFR_AF=0	13.7982
chr14	45383037	45383038	C	T	D:0.0091:(chr14:45088768-46137344:D)	chr14:45369203-45594203	FAM179B, C14orf28, PRPF39, KLHL28, FKBP3	.	.	.	6.7753
chr14	46120138	46120139	G	C	V:0.0228:(chr14:45613056-46661632:V,D)	chr14:45749203-46519203	.	.	.	AF=0.0002,EAS_AF=0,AMR_AF=0,EUR_AF=0,SAS_AF=0.001,AFR_AF=0	.
chr14	46147558	46147559	G	T	D:0.0195:(chr14:45613056-46661632:V,D)	chr14:45749203-46519203	.	.	.	AF=0.0018,EAS_AF=0.006,AMR_AF=0,EUR_AF=0,SAS_AF=0,AFR_AF=0.0023	9.5944
chr14	46307979	46307980	G	A	D:0.0095:(chr14:45613056-46661632:V,D)	chr14:45749203-46519203	.	.	.	.	.
chr14	46311043	46311044	C	T	D:0.0068:(chr14:45613056-46661632:V,D)	chr14:45749203-46519203	.	.	.	.	5.1396
chr14	70193855	70193856	G	T	C:0.0064:(chr14:69206016-70254592:V,C,A); V:0.0064:(chr14:69206016-70254592:V,C,A); A:0.0064:(chr14:69206016-70254592:V,C,A)	chr14:70051717-70231717	SUSD6	.	.	AF=0.00439,EAS_AF=0.004,AMR_AF=0,EUR_AF=0,SAS_AF=0.0184,AFR_AF=0	15.3228
chr14	73640017	73640018	C	G	A:0.0157:(chr14:72876032-73924608:A)	chr14:73616708-73756708	NUMB, PAPLN, PSEN1	.	.	.	12.0489
chr14	81620153	81620154	A	C	D:0.0065:(chr14:80740352-81788928:D)	chr14:81461344-81686344	TSHR, GTF2A1	.	.	.	.
chr14	87427648	87427649	C	T	D:0.0042:(chr14:87031808-88080384:D)	chr14:87376344-88396344	.	.	.	.	6.1049
chr15	43733203	43733204	G	A	D:0.0311:(chr15:43515904-44564480:D); D:0.0306:(chr15:42991616-44040192:D)	chr15:43627198-44117198	HYPK, MAP1A, CKMT1A, TP53BP1, PDIA3, ADAL, ELL3, CATSPER2, SERINC4, TUBGCP4, MFAP1, SERF2, PPIP5K1, CKMT1B, ZSCAN29, STRC	.	.	.	6.2616,12.99
chr15	79069856	79069857	C	T	C:0.0051:(chr15:78643200-79691776:C)	chr15:79047342-79197342	MORF4L1, ADAMTS7	.	.	.	14.2846
chr15	95120357	95120358	G	C	C:0.0362:(chr15:94896128-95944704:C)	chr15:94878229-95563229	MCTP2	.	.	.	14.4722
chr16	2480562	2480563	A	G	V:0.0104:(chr16:2097152-3145728:V,C,A,D); D:0.0104:(chr16:2097152-3145728:V,C,A,D); A:0.0104:(chr16:2097152-3145728:V,C,A,D); C:0.0104:(chr16:2097152-3145728:V,C,A,D)	chr16:2325001-2510001	CCNF, ABCA3	.	.	AF=0.000399,EAS_AF=0,AMR_AF=0,EUR_AF=0,SAS_AF=0.001,AFR_AF=0.0008	9.0931
chr16	24264612	24264613	C	T	C:0.0086:(chr16:23592960-24641536:C)	chr16:24051321-24516321	PRKCB, CACNG3	.	.	.	12.0792
chr16	28328570	28328571	G	A	V:0.0247:(chr16:27787264-28835840:V,C,A); C:0.0247:(chr16:27787264-28835840:V,C,A); A:0.0247:(chr16:27787264-28835840:V,C,A)	chr16:28236321-28961321	CLN3, SGF29, APOBR, SULT1A2, IL27, NPIPB9, RABEP2, CD19, EIF3C, SULT1A1, NPIPB8, SH2B1, NUPR1, TUFM, ATXN2L, ATP2A1, EIF3CL, NPIPB6, SBK1	.	.	.	14.2312
chr16	50248035	50248036	G	A	D:0.0238:(chr16:49807360-50855936:D)	chr16:50243911-50398911	BRD7, ADCY7, PAPD5	.	.	.	10.918
chr16	50991540	50991541	G	A	V:0.0184:(chr16:50855936-51904512:V)	chr16:50848911-51178911	SALL1	.	.	.	7.7924
chr16	55189919	55189920	G	A	D:0.0082:(chr16:54525952-55574528:D)	chr16:54968912-55488912	IRX6	.	.	.	7.7863
chr16	55746378	55746379	C	A	D:0.0402:(chr16:55574528-56623104:D); D:0.0773:(chr16:55050240-56098816:D)	.	.	.	.	.	6.2952,18.1742
chr16	66304504	66304505	C	T	V:0.0060:(chr16:65536000-66584576:V)	.	.	.	.	.	20.2673
chr17	12377218	12377219	C	G	D:0.0136:(chr17:12058624-13107200:V,C,A,D)	chr17:12068317-12568317	.	.	.	.	8.6301
chr17	30771334	30771335	G	C	V:0.0059:(chr17:29884416-30932992:V)	chr17:30477019-30772018	RHOT1, C17orf75, RHBDL3, ZNF207, PSMD11	.	.	.	15.3387
chr17	59079827	59079828	T	A	C:0.0106:(chr17:58195968-59244544:C); C:0.0221:(chr17:58720256-59768832:V,C)	.	.	.	.	.	.
chr18	2105089	2105090	A	T	V:0.0046:(chr18:1572864-2621440:V)	chr18:2060001-2564999	METTL4	.	.	.	.
chr18	24944087	24944088	A	T	A:0.0110:(chr18:24117248-25165824:A)	chr18:24239964-25139964	AQP4, CHST9	ENSG00000264790:1.29e-07:Testis; ENSG00000264151:1.42e-12:Testis	.	AF=0.00958,EAS_AF=0.001,AMR_AF=0.0086,EUR_AF=0.0298,SAS_AF=0.0061,AFR_AF=0.0038	.
chr18	49247983	49247984	C	G	A:0.0062:(chr18:48758784-49807360:V,C,A); C:0.0062:(chr18:48758784-49807360:V,C,A); V:0.0062:(chr18:48758784-49807360:V,C,A)	chr18:48616370-50791370	MEX3C, DCC	.	.	AF=0.0323,EAS_AF=0.1,AMR_AF=0.0216,EUR_AF=0.0258,SAS_AF=0.0153,AFR_AF=0.0038	12.6444
chr18	51225476	51225477	G	C	C:0.0317:(chr18:50855936-51904512:V,C,A); A:0.0317:(chr18:50855936-51904512:V,C,A); V:0.0317:(chr18:50855936-51904512:V,C,A)	chr18:50796370-51641370	DCC	.	.	AF=0.00919,EAS_AF=0.001,AMR_AF=0.0216,EUR_AF=0,SAS_AF=0.0307,AFR_AF=0	14.2499
chr19	6022475	6022476	G	A	D:0.0144:(chr19:5767168-6815744:D); D:0.0163:(chr19:5242880-6291456:D)	chr19:5905011-6165011	RFX2, ACSBG2, CAPS, VMAC, RANBP3	.	.	.	11.1814
chr2	23127167	23127168	C	T	D:0.1111:(chr2:22544384-23592960:D)	chr2:22577872-23577871	.	.	.	.	5.2147,17.9796
chr2	26394535	26394536	C	G	A:0.0045:(chr2:26214400-27262976:A)	chr2:26392869-26567868	HADHA, GAREM2, ADGRF3, HADHB	.	.	.	16.3853
chr2	40987397	40987398	C	T	C:0.0054:(chr2:40370176-41418752:V,C,A); V:0.0054:(chr2:40370176-41418752:V,C,A); A:0.0054:(chr2:40370176-41418752:V,C,A)	chr2:40682140-40997140	SLC8A1	.	.	.	9.5877
chr2	41071709	41071710	A	C	D:0.0070:(chr2:40894464-41943040:D)	chr2:41002140-42067140	.	.	.	.	.
chr2	46290252	46290253	C	A	V:0.0069:(chr2:46137344-47185920:V); V:0.0073:(chr2:45613056-46661632:V)	chr2:46167139-46687139	EPAS1, PRKCE	.	.	.	13.6727
chr2	55191082	55191083	G	A	A:0.0055:(chr2:54525952-55574528:A)	chr2:55127137-55272136	EML6, RTN4	.	.	.	8.8371
chr2	76237483	76237484	G	A	C:0.0050:(chr2:76021760-77070336:V,C,A); V:0.0050:(chr2:76021760-77070336:V,C,A); A:0.0050:(chr2:76021760-77070336:V,C,A)	chr2:75942126-76402126	.	.	.	AF=0.0507,EAS_AF=0.0278,AMR_AF=0.0447,EUR_AF=0.0915,SAS_AF=0.1,AFR_AF=0.0038	5.3043
chr2	140704471	140704472	C	T	D:0.0068:(chr2:139984896-141033472:D)	chr2:139602570-141612569	LRP1B	.	.	.	13.1893
chr2	148959133	148959134	C	T	C:0.0903:(chr2:148373504-149422080:C)	chr2:148687569-149397569	ACVR2A, ORC4, MBD5	.	.	.	16.5933
chr2	194105690	194105691	T	G	C:0.0887:(chr2:193462272-194510848:C,A,D); D:0.0887:(chr2:193462272-194510848:C,A,D); D:0.0066:(chr2:193986560-195035136:D); A:0.0887:(chr2:193462272-194510848:C,A,D)	chr2:194069726-194889724	.	.	.	.	12.8471
chr2	194105691	194105692	A	G	D:0.0067:(chr2:193462272-194510848:C,A,D); A:0.0067:(chr2:193462272-194510848:C,A,D)	chr2:194069726-194889724	.	.	.	.	12.8471
chr2	194105692	194105693	T	C	D:0.0387:(chr2:193986560-195035136:D); A:0.1665:(chr2:193462272-194510848:C,A,D); D:0.1665:(chr2:193462272-194510848:C,A,D); C:0.1665:(chr2:193462272-194510848:C,A,D)	chr2:194069726-194889724	.	.	.	.	12.8471
chr2	196525199	196525200	C	T	D:0.0109:(chr2:196083712-197132288:D)	chr2:196184724-196529724	SLC39A10	.	.	.	13.8115
chr2	204937346	204937347	G	C	A:0.0405:(chr2:204472320-205520896:V,A); V:0.0405:(chr2:204472320-205520896:V,A)	chr2:204789723-205189723	ICOS	.	.	.	16.0279
chr2	209785722	209785723	C	G	A:0.0048:(chr2:209715200-210763776:V,C,A); C:0.0741:(chr2:209190912-210239488:V,C,A); C:0.0048:(chr2:209715200-210763776:V,C,A); A:0.0741:(chr2:209190912-210239488:V,C,A); V:0.0048:(chr2:209715200-210763776:V,C,A); V:0.0741:(chr2:209190912-210239488:V,C,A)	chr2:209234725-210179724	PTH2R	.	.	.	.
chr2	209962077	209962078	C	A	C:0.0075:(chr2:209190912-210239488:V,C,A); V:0.0075:(chr2:209190912-210239488:V,C,A)	chr2:209234725-210179724	PTH2R	.	.	.	10.4435
chr2	220863734	220863735	C	A	C:0.0158:(chr2:220725248-221773824:V,C); V:0.0058:(chr2:220200960-221249536:V,C); C:0.0058:(chr2:220200960-221249536:V,C); V:0.0158:(chr2:220725248-221773824:V,C)	chr2:220599722-220969721	.	.	.	AF=0.00779,EAS_AF=0.0099,AMR_AF=0.0418,EUR_AF=0,SAS_AF=0,AFR_AF=0	11.7681
chr2	224644758	224644759	C	G	D:0.0077:(chr2:224395264-225443840:D); D:0.0413:(chr2:223870976-224919552:D)	chr2:224539717-224824717	AP1S3, MRPL44, WDFY1	.	.	.	11.4001
chr20	6809650	6809651	C	A	D:0.0084:(chr20:6291456-7340032:D)	chr20:6735647-7905647	HAO1, BMP2	.	.	.	.
chr20	30924875	30924876	A	G	A:0.0122:(chr20:30408704-31457280:V,C,A); C:0.0122:(chr20:30408704-31457280:V,C,A); V:0.0122:(chr20:30408704-31457280:V,C,A)	chr20:30697803-31072803	NOL4L, TM9SF4, KIF3B, PLAGL2, ASXL1, POFUT1	.	.	.	.
chr20	38514841	38514842	G	C	D:0.0051:(chr20:37748736-38797312:D)	chr20:37678643-38518642	.	.	.	.	.
chr20	43569394	43569395	T	C	D:0.0260:(chr20:42991616-44040192:D)	chr20:43513641-43733641	PABPC1L, STK4, TOMM34, KCNS1, YWHAB	.	.	.	6.5617
chr20	58345463	58345464	T	C	V:0.0296:(chr20:57671680-58720256:V,C,A); C:0.0296:(chr20:57671680-58720256:V,C,A); A:0.0296:(chr20:57671680-58720256:V,C,A)	chr20:58110055-58515055	FAM217B, SYCP2, PPP1R3D, PHACTR3	PHACTR3:4.25e-05:Heart_Left_Ventricle	.	AF=0.0124,EAS_AF=0,AMR_AF=0.0317,EUR_AF=0.0378,SAS_AF=0.002,AFR_AF=0	10.1658
chr21	25111643	25111644	A	G	A:0.0956:(chr21:24641536-25690112:V,A); V:0.0956:(chr21:24641536-25690112:V,A)	chr21:24177321-25517314	.	.	.	.	.
chr21	26132143	26132144	A	T	A:0.0052:(chr21:25165824-26214400:V,C,A); A:0.0190:(chr21:25690112-26738688:V,C,A); V:0.0190:(chr21:25690112-26738688:V,C,A); V:0.0052:(chr21:25165824-26214400:V,C,A); C:0.0052:(chr21:25165824-26214400:V,C,A); C:0.0190:(chr21:25690112-26738688:V,C,A)	chr21:25522314-26637314	.	.	.	.	6.9636
chr21	29175380	29175381	A	T	C:0.0111:(chr21:28835840-29884416:C)	chr21:29077319-29422319	.	.	.	.	15.4462
chr22	30021754	30021755	G	T	D:0.0749:(chr22:29360128-30408704:D); D:0.0165:(chr22:29884416-30932992:D)	chr22:29950989-30485989	NF2, MTMR3, HORMAD2, ASCC2, UQCR10, ZMAT5, CABP7, NIPSNAP1	.	.	.	12.9876
chr22	31952809	31952810	G	A	C:0.0170:(chr22:31457280-32505856:V,C,A); A:0.0170:(chr22:31457280-32505856:V,C,A); V:0.0170:(chr22:31457280-32505856:V,C,A)	chr22:31890986-32050986	PISD, SFI1	PATZ1:6.12e-06:Brain_Substantia_nigra; SFI1:4.17e-06:Cells_Cultured_fibroblasts; SFI1:0.00015:Muscle_Skeletal	.	AF=0.00819,EAS_AF=0.001,AMR_AF=0.0115,EUR_AF=0.0169,SAS_AF=0.0112,AFR_AF=0.003	11.556
chr3	5772986	5772987	T	C	D:0.0365:(chr3:5242880-6291456:D)	chr3:5271685-6476687	.	.	.	.	.
chr3	16918152	16918153	G	C	V:0.0091:(chr3:16252928-17301504:V)	chr3:16646507-17291492	PLCL2, TBC1D5, DAZL	.	.	AF=0.0312,EAS_AF=0.0258,AMR_AF=0.0879,EUR_AF=0.0358,SAS_AF=0.0307,AFR_AF=0.0023	.
chr3	22404653	22404654	C	A	A:0.0046:(chr3:22020096-23068672:A)	chr3:22176492-23196491	.	ZNF385D:2.16e-09:Testis	.	.	.
chr3	26479568	26479569	T	G	C:0.0288:(chr3:25690112-26738688:C); C:0.0271:(chr3:26214400-27262976:C)	chr3:25906491-27146491	LRRC3B	.	.	.	6.1497
chr3	52462732	52462733	G	A	A:0.0199:(chr3:51904512-52953088:A)	chr3:52449016-52569016	NISCH, STAB1, TNNC1, SEMA3G, PHF7, NT5DC2	.	.	.	13.4165
chr3	52462733	52462734	C	A	A:0.0169:(chr3:51904512-52953088:A)	chr3:52449016-52569016	NISCH, STAB1, TNNC1, SEMA3G, PHF7, NT5DC2	.	.	.	13.4165
chr3	71301374	71301375	T	A	D:0.0085:(chr3:70778880-71827456:D)	chr3:71029151-71634151	FOXP1	.	.	.	9.4461
chr3	73150408	73150409	G	C	D:0.0266:(chr3:72351744-73400320:D); D:0.0197:(chr3:72876032-73924608:D)	chr3:73144151-73554151	PDZRN3	.	.	.	13.6892
chr3	79895890	79895891	A	T	C:0.0102:(chr3:79167488-80216064:C); C:0.0548:(chr3:79691776-80740352:C)	chr3:79574150-81449151	ROBO1	.	.	.	.
chr3	81959602	81959603	G	A	C:0.1397:(chr3:81264640-82313216:V,C); C:0.1277:(chr3:81788928-82837504:V,C); V:0.1277:(chr3:81788928-82837504:V,C); V:0.1397:(chr3:81264640-82313216:V,C)	chr3:81819151-82439151	.	.	.	.	13.862
chr3	100538928	100538929	G	C	D:0.0042:(chr3:99614720-100663296:D)	chr3:100433844-100608844	ABI3BP, TFG	.	.	.	9.3
chr3	107513661	107513662	G	A	A:0.0134:(chr3:106954752-108003328:A)	chr3:107148847-107648847	BBX	.	.	.	8.5868
chr3	120533518	120533519	G	A	V:0.0052:(chr3:120061952-121110528:V,C,A); C:0.0052:(chr3:120061952-121110528:V,C,A); A:0.0052:(chr3:120061952-121110528:V,C,A)	chr3:120518847-121263847	POLQ, STXBP5L	RABL3:0.000335:Skin_Sun_Exposed_Lower_leg; RABL3:8.97e-07:Skin_Not_Sun_Exposed_Suprapubic; STXBP5L:7.31e-05:Thyroid; RABL3:1.25e-07:Artery_Tibial	.	AF=0.0208,EAS_AF=0,AMR_AF=0.0476,EUR_AF=0.0417,SAS_AF=0.0276,AFR_AF=0.0015	10.5219
chr3	121574602	121574603	G	C	D:0.1995:(chr3:121110528-122159104:D)	chr3:121563847-121808847	ILDR1, SLC15A2, EAF2, CD86	.	.	.	8.9708
chr3	136110643	136110644	C	T	D:0.0349:(chr3:135266304-136314880:D); D:0.0686:(chr3:135790592-136839168:D)	chr3:136028842-136468842	PCCB, STAG1	.	.	.	13.9348
chr3	139437474	139437475	G	C	C:0.0071:(chr3:138936320-139984896:C)	chr3:139113842-140603842	TRIM42, CLSTN2, NMNAT3, RBP2, RBP1	.	.	.	11.328
chr3	141280464	141280465	A	G	C:0.0078:(chr3:140509184-141557760:C); C:0.0106:(chr3:141033472-142082048:C)	chr3:141178842-141288842	RASA2	.	.	.	.
chr3	142547717	142547718	A	T	D:0.0207:(chr3:142082048-143130624:D); D:0.0050:(chr3:141557760-142606336:D)	.	.	.	.	.	5.2223
chr3	170820722	170820723	T	G	D:0.0130:(chr3:169869312-170917888:D); D:0.0142:(chr3:170393600-171442176:D)	chr3:170772789-170902789	TNIK	.	.	.	7.5115
chr3	182803607	182803608	G	C	D:0.0232:(chr3:182452224-183500800:D); D:0.0077:(chr3:181927936-182976512:D)	chr3:182397788-182817788	DCUN1D1, ATP11B, MCCC1	.	.	.	13.5984
chr3	190161214	190161215	C	T	V:0.0104:(chr3:189267968-190316544:V,C,A,D); D:0.0104:(chr3:189267968-190316544:V,C,A,D); A:0.0199:(chr3:189792256-190840832:V,C,A,D); C:0.0199:(chr3:189792256-190840832:V,C,A,D); C:0.0104:(chr3:189267968-190316544:V,C,A,D); A:0.0104:(chr3:189267968-190316544:V,C,A,D); D:0.0199:(chr3:189792256-190840832:V,C,A,D); V:0.0199:(chr3:189792256-190840832:V,C,A,D)	.	.	.	.	AF=0.0264,EAS_AF=0.0119,AMR_AF=0.0331,EUR_AF=0.0388,SAS_AF=0.0583,AFR_AF=0.0008	6.2672,10.5534
chr4	34424282	34424283	G	A	A:0.0048:(chr4:34078720-35127296:A); A:0.0053:(chr4:33554432-34603008:A)	chr4:33646622-34766622	.	.	.	.	.
chr4	63510327	63510328	G	T	D:0.0081:(chr4:62914560-63963136:D)	chr4:63300718-63800718	.	.	.	.	10.5388
chr4	84828055	84828056	T	C	V:0.0287:(chr4:84410368-85458944:V)	chr4:84566153-84886153	.	.	.	.	8.9489
chr4	103220979	103220980	C	T	D:0.0090:(chr4:102236160-103284736:D); D:0.0172:(chr4:102760448-103809024:D)	chr4:102676157-103351157	SLC39A8, BANK1	.	.	.	9.3014
chr4	131257944	131257945	C	A	D:0.0232:(chr4:131072000-132120576:D); D:0.0179:(chr4:130547712-131596288:D)	chr4:130276155-131261155	.	.	chr4:130544530-131564821:non-African:BC035172 ; BC041448	.	6.4488
chr4	137447571	137447572	T	C	C:0.1955:(chr4:136839168-137887744:C); C:0.0063:(chr4:137363456-138412032:C)	chr4:137031155-137816154	.	.	.	.	7.172999999999999
chr4	166277286	166277287	G	A	C:0.0053:(chr4:166199296-167247872:C); V:0.0163:(chr4:165675008-166723584:V,C,A); A:0.0163:(chr4:165675008-166723584:V,C,A); C:0.0163:(chr4:165675008-166723584:V,C,A)	chr4:166276152-166406152	CPE	CPE:1.44e-05:Artery_Aorta; CPE:7.28e-05:Adipose_Visceral_Omentum; CPE:1.66e-05:Prostate	.	AF=0.0288,EAS_AF=0.0129,AMR_AF=0.0216,EUR_AF=0.0696,SAS_AF=0.045,AFR_AF=0.0015	5.2615,12.0982
chr4	173551594	173551595	C	T	D:0.0141:(chr4:173015040-174063616:V,C,A,D); C:0.0141:(chr4:173015040-174063616:V,C,A,D); A:0.0141:(chr4:173015040-174063616:V,C,A,D); V:0.0141:(chr4:173015040-174063616:V,C,A,D)	chr4:173126151-173751151	GALNTL6	.	.	AF=0.00399,EAS_AF=0.001,AMR_AF=0,EUR_AF=0,SAS_AF=0.0194,AFR_AF=0	.
chr4	177711223	177711224	A	G	C:0.0927:(chr4:177209344-178257920:V,C); V:0.0926:(chr4:177209344-178257920:V,C)	chr4:177701154-177966154	VEGFC	.	.	.	9.0092
chr5	3578922	3578923	T	C	C:0.0077:(chr5:2621440-3670016:V,C); V:0.0077:(chr5:2621440-3670016:V,C)	chr5:2760114-4865113	IRX1	.	.	AF=0.0172,EAS_AF=0,AMR_AF=0.0202,EUR_AF=0.0666,SAS_AF=0.002,AFR_AF=0.0023	.
chr5	4880003	4880004	G	A	C:0.0086:(chr5:4718592-5767168:V,C); V:0.0086:(chr5:4718592-5767168:V,C); C:0.0111:(chr5:4194304-5242880:V,C); V:0.0111:(chr5:4194304-5242880:V,C)	chr5:4870113-5130113	.	.	.	AF=0.0298,EAS_AF=0,AMR_AF=0.0562,EUR_AF=0.0716,SAS_AF=0.0337,AFR_AF=0.0038	14.8554
chr5	20203646	20203647	A	G	C:0.0409:(chr5:19922944-20971520:C)	chr5:19770109-20250109	CDH18	.	.	.	.
chr5	24445644	24445645	A	C	A:0.2903:(chr5:24117248-25165824:V,C,A); V:0.2903:(chr5:24117248-25165824:V,C,A); C:0.3866:(chr5:23592960-24641536:V,C,A); C:0.2903:(chr5:24117248-25165824:V,C,A); A:0.3866:(chr5:23592960-24641536:V,C,A); V:0.3866:(chr5:23592960-24641536:V,C,A)	chr5:24100109-24655109	CDH10	.	.	AF=0.0018,EAS_AF=0,AMR_AF=0.0101,EUR_AF=0.002,SAS_AF=0,AFR_AF=0	10.5632
chr5	36507626	36507627	C	T	A:0.0055:(chr5:35651584-36700160:V,C,A); V:0.0055:(chr5:35651584-36700160:V,C,A); C:0.0055:(chr5:35651584-36700160:V,C,A)	chr5:36400102-36695102	SLC1A3	.	.	AF=0.0557,EAS_AF=0.0655,AMR_AF=0.0461,EUR_AF=0.0934,SAS_AF=0.0818,AFR_AF=0.0053	17.6467,8.1942
chr5	60623795	60623796	G	C	D:0.0063:(chr5:60293120-61341696:D)	chr5:60460827-60625827	.	.	.	.	.
chr5	61041258	61041259	G	A	D:0.0046:(chr5:60293120-61341696:D)	chr5:60960827-61505827	C5orf64	.	.	.	11.1759
chr5	73944802	73944803	C	T	A:0.0073:(chr5:73400320-74448896:A)	.	.	.	.	.	14.970999999999998
chr5	84263178	84263179	G	A	V:0.0120:(chr5:83886080-84934656:V,C,A); C:0.0120:(chr5:83886080-84934656:V,C,A); A:0.0120:(chr5:83886080-84934656:V,C,A)	chr5:82870819-84675818	HAPLN1, EDIL3, VCAN	.	.	.	5.803999999999999
chr5	94166442	94166443	C	T	A:0.0094:(chr5:93323264-94371840:A)	chr5:94080705-94295704	MCTP1	RPL7P18:9.11e-09:Brain_Hypothalamus; RPL7P18:1.32e-06:Adipose_Visceral_Omentum; RPL7P18:1.36e-11:Brain_Frontal_Cortex_BA9; RPL7P18:2.65e-09:Spleen; RPL7P18:4.2e-08:Lung; RPL7P18:1.2e-16:Brain_Cerebellar_Hemisphere; RPL7P18:9.12e-10:Adipose_Subcutaneous; RPL7P18:1.78e-07:Brain_Cerebellum; RPL7P18:2.19e-09:Brain_Cortex; RPL7P18:5.26e-08:Skin_Sun_Exposed_Lower_leg; RPL7P18:1.5e-07:Skin_Not_Sun_Exposed_Suprapubic; RPL7P18:8.23e-08:Esophagus_Gastroesophageal_Junction; RPL7P18:4.84e-05:Nerve_Tibial; RPL7P18:1.41e-13:Brain_Caudate_basal_ganglia; RPL7P18:3.91e-11:Brain_Hippocampus; RPL7P18:1.72e-07:Brain_Anterior_cingulate_cortex_BA24; RPL7P18:4.31e-15:Brain_Nucleus_accumbens_basal_ganglia; RPL7P18:2.55e-06:Artery_Coronary; RPL7P18:2.9e-11:Brain_Putamen_basal_ganglia	.	.	6.3907
chr5	102544475	102544476	T	C	C:0.0117:(chr5:102236160-103284736:V,C,A); V:0.0117:(chr5:102236160-103284736:V,C,A); A:0.0117:(chr5:102236160-103284736:V,C,A); V:0.0095:(chr5:101711872-102760448:V,C,A); C:0.0095:(chr5:101711872-102760448:V,C,A); A:0.0095:(chr5:101711872-102760448:V,C,A)	chr5:102460704-102590701	PPIP5K2	SLCO4C1:1.66e-06:Colon_Transverse; PPIP5K2:8.3e-05:Nerve_Tibial	.	AF=0.00539,EAS_AF=0,AMR_AF=0,EUR_AF=0.008,SAS_AF=0.001,AFR_AF=0.0136	.
chr5	104072355	104072356	T	C	C:0.0418:(chr5:103809024-104857600:C)	chr5:103120701-104535701	.	.	.	.	8.7123
chr5	106907885	106907886	A	G	C:0.0089:(chr5:106430464-107479040:V,C,A); V:0.0089:(chr5:106430464-107479040:V,C,A); A:0.0089:(chr5:106430464-107479040:V,C,A)	chr5:106590701-107015701	EFNA5	.	.	.	.
chr5	130445861	130445862	C	T	D:0.0999:(chr5:129499136-130547712:D); D:0.0260:(chr5:130023424-131072000:D)	chr5:129105693-130495693	HINT1, CHSY3	.	.	.	.
chr5	137158040	137158041	G	C	D:0.0078:(chr5:136314880-137363456:D)	chr5:137090689-137365689	PKD2L2, FAM13B, MYOT	.	.	.	14.1096,6.0436
chr6	28652182	28652183	T	C	C:0.0403:(chr6:28311552-29360128:V,C); V:0.0403:(chr6:28311552-29360128:V,C); C:0.0426:(chr6:27787264-28835840:V,C); V:0.0426:(chr6:27787264-28835840:V,C)	chr6:28362777-28652777	GPX6, ZBED9, GPX5, ZSCAN23, ZSCAN12	ZSCAN23:0.000642:Esophagus_Mucosa; HCG15:7.95e-06:Adipose_Visceral_Omentum; ZSCAN23:0.000183:Heart_Atrial_Appendage; ZNF602P:7.74e-05:Thyroid; ZSCAN23:0.000261:Adipose_Subcutaneous; ZNF602P:0.000127:Small_Intestine_Terminal_Ileum; ENSG00000244349:0.000133:Cells_Cultured_fibroblasts	.	AF=0.00439,EAS_AF=0.003,AMR_AF=0.0086,EUR_AF=0.007,SAS_AF=0.0061,AFR_AF=0	9.7936
chr6	52128713	52128714	G	A	D:0.0062:(chr6:51904512-52953088:D); D:0.0095:(chr6:51380224-52428800:D)	.	.	.	.	.	14.4885
chr6	57133057	57133058	C	T	A:0.0875:(chr6:56623104-57671680:V,C,A); C:0.0876:(chr6:56623104-57671680:V,C,A); V:0.0875:(chr6:56623104-57671680:V,C,A)	chr6:57044798-57184798	BAG2, RAB23, PRIM2	.	.	.	14.571
chr6	65736434	65736435	T	C	V:0.0086:(chr6:65536000-66584576:V,C,A); A:0.0086:(chr6:65536000-66584576:V,C,A); C:0.0086:(chr6:65536000-66584576:V,C,A); V:0.0248:(chr6:65011712-66060288:V,C,A,D); A:0.0248:(chr6:65011712-66060288:V,C,A,D); D:0.0248:(chr6:65011712-66060288:V,C,A,D); C:0.0248:(chr6:65011712-66060288:V,C,A,D)	chr6:65469893-66589893	LOC441155, EYS	.	.	AF=0.0739,EAS_AF=0.158,AMR_AF=0.0865,EUR_AF=0.0855,SAS_AF=0.0613,AFR_AF=0.0038	5.0760000000000005
chr6	65849581	65849582	G	A	V:0.0047:(chr6:65011712-66060288:V,C,A,D); V:0.0072:(chr6:65536000-66584576:V,C,A); A:0.0072:(chr6:65536000-66584576:V,C,A); A:0.0047:(chr6:65011712-66060288:V,C,A,D); C:0.0047:(chr6:65011712-66060288:V,C,A,D); C:0.0072:(chr6:65536000-66584576:V,C,A)	chr6:65469893-66589893	LOC441155, EYS	.	.	AF=0.0403,EAS_AF=0.0268,AMR_AF=0.0259,EUR_AF=0.0835,SAS_AF=0.0695,AFR_AF=0.0038	.
chr6	69777960	69777961	T	G	V:0.0252:(chr6:69206016-70254592:V,A); A:0.0252:(chr6:69206016-70254592:V,A)	chr6:69044892-70504892	LMBRD1, ADGRB3	.	.	.	5.7457
chr6	75609253	75609254	C	T	D:0.0623:(chr6:74973184-76021760:D); D:0.0066:(chr6:75497472-76546048:D)	chr6:75119716-75789716	.	.	chr6:75178778-75611224:African-European:AF086303	.	11.3979
chr6	100270788	100270789	G	A	A:0.0066:(chr6:99614720-100663296:V,C,A); C:0.0066:(chr6:99614720-100663296:V,C,A); V:0.0066:(chr6:99614720-100663296:V,C,A)	chr6:100022876-100297876	PRDM13	.	.	AF=0.0102,EAS_AF=0.0476,AMR_AF=0,EUR_AF=0,SAS_AF=0.0031,AFR_AF=0	10.0503
chr6	108848062	108848063	G	A	A:0.0059:(chr6:108527616-109576192:V,C,A); V:0.0059:(chr6:108527616-109576192:V,C,A); C:0.0059:(chr6:108527616-109576192:V,C,A)	chr6:108401204-108856203	LACE1, NR2E1, SNX3	CCDC162P:5.57e-05:Skin_Not_Sun_Exposed_Suprapubic; AFG1L:1.19e-05:Brain_Nucleus_accumbens_basal_ganglia; SNX3:3.67e-06:Nerve_Tibial	.	AF=0.0194,EAS_AF=0,AMR_AF=0.036,EUR_AF=0.0328,SAS_AF=0.0378,AFR_AF=0.0015	7.3846,12.808
chr6	117680668	117680669	T	C	D:0.0095:(chr6:116916224-117964800:D)	chr6:117671163-117926163	GOPC, ROS1, DCBLD1	.	.	.	.
chr6	120063542	120063543	C	G	V:0.0055:(chr6:119537664-120586240:V)	chr6:119681165-120581146	.	.	.	AF=0.0276,EAS_AF=0.0952,AMR_AF=0.0159,EUR_AF=0.0159,SAS_AF=0.0153,AFR_AF=0	.
chr6	124036598	124036599	C	G	D:0.0580:(chr6:123207680-124256256:D); D:0.0936:(chr6:123731968-124780544:D)	chr6:123671145-124096145	TRDN	.	chr6:123980324-124110498:African-European:.	.	15.2102
chr6	129691747	129691748	G	C	C:0.0089:(chr6:128974848-130023424:C); C:0.0062:(chr6:129499136-130547712:C)	chr6:129571145-129696145	LAMA2	.	.	.	15.0895
chr6	167403311	167403312	A	C	A:0.0164:(chr6:166723584-167772160:A)	chr6:167198488-167463488	RNASET2, RPS6KA2, FGFR1OP	.	.	.	.
chr7	3937270	3937271	A	G	A:0.0617:(chr7:3670016-4718592:V,C,A); V:0.0617:(chr7:3670016-4718592:V,C,A); C:0.0616:(chr7:3670016-4718592:V,C,A)	chr7:2909634-4644631	SDK1, CARD11	.	.	AF=0.00879,EAS_AF=0.002,AMR_AF=0.0029,EUR_AF=0.002,SAS_AF=0.0358,AFR_AF=0.0023	.
chr7	9131124	9131125	C	G	D:0.0708:(chr7:8912896-9961472:D); D:0.0652:(chr7:8388608-9437184:D)	chr7:8349630-9789629	NXPH1	.	.	.	9.7924
chr7	23312851	23312852	A	C	A:0.0142:(chr7:22544384-23592960:V,C,A,D); C:0.0142:(chr7:22544384-23592960:V,C,A,D); A:0.0090:(chr7:23068672-24117248:V,C,A,D); V:0.0142:(chr7:22544384-23592960:V,C,A,D); V:0.0090:(chr7:23068672-24117248:V,C,A,D); C:0.0090:(chr7:23068672-24117248:V,C,A,D); D:0.0142:(chr7:22544384-23592960:V,C,A,D); D:0.0090:(chr7:23068672-24117248:V,C,A,D)	.	.	.	.	AF=0.000399,EAS_AF=0.001,AMR_AF=0,EUR_AF=0,SAS_AF=0,AFR_AF=0.0008	4.9052,12.0521
chr7	23586799	23586800	G	A	V:0.0265:(chr7:23068672-24117248:V,C,A,D); C:0.0265:(chr7:23068672-24117248:V,C,A,D); A:0.0265:(chr7:23068672-24117248:V,C,A,D); D:0.0265:(chr7:23068672-24117248:V,C,A,D)	chr7:23584619-23754619	CCDC126, FAM221A, STK31	.	.	.	10.2592,16.8116
chr7	40644617	40644618	T	C	D:0.0291:(chr7:40370176-41418752:A,D); D:0.0110:(chr7:39845888-40894464:D)	chr7:40369599-40794599	SUGCT	.	.	.	14.7637
chr7	41272111	41272112	C	T	A:0.0542:(chr7:40894464-41943040:A); A:0.0889:(chr7:40370176-41418752:A,D)	chr7:41069598-41739598	INHBA	.	.	AF=0.00799,EAS_AF=0,AMR_AF=0.0159,EUR_AF=0.0169,SAS_AF=0.0112,AFR_AF=0.0008	11.5869
chr7	46169620	46169621	G	A	A:0.0098:(chr7:45613056-46661632:V,C,A); V:0.0098:(chr7:45613056-46661632:V,C,A); C:0.0098:(chr7:45613056-46661632:V,C,A)	chr7:45964599-46179598	.	TTC4P1:4.24e-05:Muscle_Skeletal; IGFBP3:0.000143:Artery_Tibial; FTLP15:8.63e-05:Muscle_Skeletal	.	AF=0.0998,EAS_AF=0.0228,AMR_AF=0.278,EUR_AF=0.162,SAS_AF=0.113,AFR_AF=0.0083	7.8559
chr7	62476204	62476205	C	T	D:0.0659:(chr7:62390272-63438848:V,A,D); A:0.0659:(chr7:62390272-63438848:V,A,D); V:0.0659:(chr7:62390272-63438848:V,A,D)	.	.	.	.	.	12.8615
chr7	87315103	87315104	G	A	D:0.0084:(chr7:87031808-88080384:D); D:0.0119:(chr7:86507520-87556096:D)	chr7:87054316-87389316	ABCB4, RUNDC3B, ABCB1	.	.	.	.
chr7	97194607	97194608	A	C	A:0.0197:(chr7:96993280-98041856:A); A:0.0502:(chr7:96468992-97517568:A)	chr7:96709312-97464312	SDHAF3, TAC1	.	.	AF=0.00659,EAS_AF=0,AMR_AF=0,EUR_AF=0.002,SAS_AF=0.0317,AFR_AF=0	.
chr7	109865976	109865977	G	A	D:0.0055:(chr7:109576192-110624768:D)	chr7:109470057-110725056	IMMP2L	.	.	.	8.0395
chr7	121053905	121053906	G	C	A:0.0058:(chr7:120586240-121634816:A)	chr7:121005054-121195054	FAM3C	.	.	.	7.8105
chr7	132474395	132474396	G	C	A:0.0069:(chr7:131596288-132644864:V,C,A); V:0.0069:(chr7:131596288-132644864:V,C,A); C:0.0069:(chr7:131596288-132644864:V,C,A)	chr7:132264759-132769760	CHCHD3	.	.	.	5.9367
chr7	136560827	136560828	C	T	D:0.0075:(chr7:135790592-136839168:D)	chr7:136554747-136839747	CHRM2	.	.	.	11.642999999999999
chr7	158456209	158456210	A	C	A:0.0221:(chr7:157810688-158859264:A)	chr7:158392692-158772691	NCAPG2, WDR60, ESYT2	.	.	AF=0.0236,EAS_AF=0.106,AMR_AF=0,EUR_AF=0,SAS_AF=0.0112,AFR_AF=0	8.3548
chr8	21033732	21033733	G	A	D:0.0154:(chr8:20447232-21495808:D)	chr8:20237511-21762511	GFRA2	.	.	.	14.1736
chr8	50538370	50538371	A	C	C:0.0206:(chr8:49807360-50855936:V,C,A); V:0.0206:(chr8:49807360-50855936:V,C,A); A:0.0206:(chr8:49807360-50855936:V,C,A)	chr8:50272559-50962560	SNTG1	.	.	.	6.5559
chr8	63160147	63160148	G	C	D:0.0097:(chr8:62390272-63438848:D); D:0.0129:(chr8:62914560-63963136:D)	chr8:62727559-63227559	NKAIN3	.	.	.	6.0233
chr8	72930959	72930960	C	G	D:0.0153:(chr8:72351744-73400320:D)	chr8:72927235-73067235	TRPA1	.	.	.	14.5818
chr8	81613408	81613409	C	G	D:0.0136:(chr8:81264640-82313216:D); D:0.0073:(chr8:80740352-81788928:D)	chr8:81157235-81902235	ZBTB10, PAG1, ZNF704	.	.	.	6.9675
chr8	97703064	97703065	A	C	V:0.0079:(chr8:97517568-98566144:V,C,A)	chr8:97507228-98187228	SDC2, CPQ	.	.	.	.
chr8	97854737	97854738	A	C	A:0.0112:(chr8:97517568-98566144:V,C,A); V:0.0112:(chr8:97517568-98566144:V,C,A); C:0.0112:(chr8:97517568-98566144:V,C,A)	chr8:97507228-98187228	SDC2, CPQ	.	.	AF=0.0018,EAS_AF=0.001,AMR_AF=0.0101,EUR_AF=0,SAS_AF=0.001,AFR_AF=0	.
chr8	100104716	100104717	G	A	V:0.0127:(chr8:99614720-100663296:V,C,A); C:0.0127:(chr8:99614720-100663296:V,C,A); A:0.0127:(chr8:99614720-100663296:V,C,A)	chr8:99957228-100392228	VPS13B, OSR2	.	.	.	5.2672
chr8	100387672	100387673	G	C	V:0.0057:(chr8:99614720-100663296:V,C,A); C:0.0057:(chr8:99614720-100663296:V,C,A)	chr8:99957228-100392228	VPS13B, OSR2	.	.	.	.
chr8	119756025	119756026	T	C	C:0.0075:(chr8:119013376-120061952:V,C,A); A:0.0075:(chr8:119013376-120061952:V,C,A); V:0.0075:(chr8:119013376-120061952:V,C,A)	.	.	.	.	.	.
chr8	124172850	124172851	A	G	V:0.0106:(chr8:123731968-124780544:V)	chr8:124172240-124282240	ZHX1, FAM83A, C8orf76, ZHX1-C8orf76	.	.	.	6.7239,17.1499
chr8	143716207	143716208	A	G	C:0.0165:(chr8:143130624-144179200:C)	chr8:143531361-143821418	ADGRB1, JRK, PSCA, THEM6, LY6K, ARC	.	.	.	14.7727
chr9	27276621	27276622	G	A	D:0.0173:(chr9:26738688-27787264:D)	chr9:27024998-27294998	TEK, EQTN, IFT74	.	.	.	15.9298
chr9	30641854	30641855	A	G	A:0.0181:(chr9:29884416-30932992:A)	chr9:30534998-31039998	.	.	.	AF=0.0272,EAS_AF=0.0268,AMR_AF=0.0447,EUR_AF=0.001,SAS_AF=0.0777,AFR_AF=0.0008	.
chr9	84129522	84129523	T	G	D:0.0188:(chr9:83361792-84410368:D); D:0.0367:(chr9:83886080-84934656:D)	chr9:84114915-84299915	TLE1	.	.	AF=0.002,EAS_AF=0,AMR_AF=0,EUR_AF=0,SAS_AF=0.0102,AFR_AF=0	8.2235
chr9	131124594	131124595	G	C	A:0.0141:(chr9:130547712-131596288:A)	chr9:130892279-131187279	SWI5, DNM1, CERCAM, COQ4, LCN2, GOLGA2, CIZ1, TRUB2, URM1, SLC27A4, C9orf16	.	.	.	10.3914
chrX	6434922	6434923	A	G	D:0.0270:(chrX:5767168-6815744:D)	chrX:6293041-6703041	VCX3A	.	.	.	.
chrX	6528003	6528004	C	T	D:0.0043:(chrX:5767168-6815744:D)	chrX:6293041-6703041	VCX3A	.	.	.	.
chrX	11869130	11869131	T	C	D:0.0089:(chrX:11534336-12582912:V,C,A,D); C:0.0069:(chrX:11010048-12058624:V,C,A,D); C:0.0089:(chrX:11534336-12582912:V,C,A,D); A:0.0089:(chrX:11534336-12582912:V,C,A,D); D:0.0069:(chrX:11010048-12058624:V,C,A,D); A:0.0069:(chrX:11010048-12058624:V,C,A,D); V:0.0089:(chrX:11534336-12582912:V,C,A,D); V:0.0069:(chrX:11010048-12058624:V,C,A,D)	chrX:11803119-12088119	.	.	.	.	10.0716
chrX	29948666	29948667	G	A	A:0.0238:(chrX:29360128-30408704:C,A); C:0.0238:(chrX:29360128-30408704:C,A)	chrX:29928117-30238117	MAGEB2, IL1RAPL1	.	.	.	8.1768
chrX	47714079	47714080	A	G	A:0.0098:(chrX:47185920-48234496:V,C,A); V:0.0098:(chrX:47185920-48234496:V,C,A); C:0.0098:(chrX:47185920-48234496:V,C,A)	chrX:47699399-47884394	ZNF182, ZNF81, SPACA5	.	.	.	.
chrX	72509053	72509054	C	T	C:0.0097:(chrX:71827456-72876032:V,C); C:0.0110:(chrX:72351744-73400320:V,C); V:0.0110:(chrX:72351744-73400320:V,C); V:0.0097:(chrX:71827456-72876032:V,C)	chrX:72469836-72774836	CDX4	.	.	.	6.2658,14.2814
chrX	96281570	96281571	G	A	D:0.1267:(chrX:95944704-96993280:D); D:0.0460:(chrX:95420416-96468992:D)	chrX:96244999-96939999	DIAPH2	.	.	.	.
chrX	116655561	116655562	C	A	D:0.0856:(chrX:115867648-116916224:D); D:0.0596:(chrX:116391936-117440512:D)	chrX:116343963-116718963	.	.	.	.	11.0588
