chr	window_Start	window_Stop	AH:num3DmodifyingVars
chr1	38273024	39321600	{'D:1'}
chr1	56623104	57671680	{'D:1'}
chr1	73924608	74973184	{'C:1', 'A:1', 'V:1'}
chr1	81264640	82313216	{'D:2'}
chr1	89653248	90701824	{'D:1'}
chr1	98566144	99614720	{'C:2'}
chr1	106954752	108003328	{'D:1'}
chr1	155713536	156762112	{'C:2'}
chr1	158334976	159383552	{'C:1'}
chr1	158859264	159907840	{'C:1'}
chr1	193986560	195035136	{'V:1'}
chr1	212336640	213385216	{'C:1', 'A:1', 'V:1'}
chr1	212860928	213909504	{'C:1', 'A:1', 'V:1'}
chr1	219676672	220725248	{'V:1', 'D:1'}
chr1	233308160	234356736	{'V:1'}
chr1	233832448	234881024	{'V:1'}
chr10	21495808	22544384	{'D:1'}
chr10	62390272	63438848	{'V:1', 'C:1', 'A:1', 'D:1'}
chr10	84410368	85458944	{'A:1'}
chr10	128974848	130023424	{'D:1'}
chr11	9437184	10485760	{'V:1'}
chr11	19398656	20447232	{'D:1'}
chr11	22544384	23592960	{'D:1'}
chr11	58195968	59244544	{'V:1'}
chr11	58720256	59768832	{'V:1'}
chr11	74973184	76021760	{'D:1'}
chr11	75497472	76546048	{'D:1'}
chr11	115343360	116391936	{'C:1', 'A:1', 'V:1'}
chr11	115867648	116916224	{'C:1', 'A:1', 'V:1'}
chr11	126353408	127401984	{'D:1'}
chr11	126877696	127926272	{'D:1'}
chr11	132120576	133169152	{'D:1'}
chr12	44564480	45613056	{'D:1'}
chr12	59768832	60817408	{'C:1', 'A:1', 'V:1'}
chr13	38797312	39845888	{'V:1'}
chr13	39321600	40370176	{'V:1'}
chr13	49283072	50331648	{'A:1'}
chr13	88080384	89128960	{'V:1'}
chr13	88604672	89653248	{'V:1'}
chr13	92798976	93847552	{'C:1', 'A:1', 'V:1'}
chr13	93323264	94371840	{'V:1'}
chr13	108003328	109051904	{'C:1', 'A:1', 'V:1'}
chr14	24641536	25690112	{'C:1'}
chr14	39845888	40894464	{'C:1', 'A:1', 'V:1'}
chr14	40370176	41418752	{'C:1', 'A:1', 'V:1'}
chr14	45088768	46137344	{'D:1'}
chr14	45613056	46661632	{'V:1', 'D:3'}
chr14	69206016	70254592	{'C:1', 'A:1', 'V:1'}
chr14	72876032	73924608	{'A:1'}
chr14	80740352	81788928	{'D:1'}
chr14	87031808	88080384	{'D:1'}
chr15	42991616	44040192	{'D:1'}
chr15	43515904	44564480	{'D:1'}
chr15	78643200	79691776	{'C:1'}
chr15	94896128	95944704	{'C:1'}
chr16	2097152	3145728	{'V:1', 'C:1', 'A:1', 'D:1'}
chr16	23592960	24641536	{'C:1'}
chr16	27787264	28835840	{'C:1', 'A:1', 'V:1'}
chr16	49807360	50855936	{'D:1'}
chr16	50855936	51904512	{'V:1'}
chr16	54525952	55574528	{'D:1'}
chr16	55050240	56098816	{'D:1'}
chr16	55574528	56623104	{'D:1'}
chr16	65536000	66584576	{'V:1'}
chr17	12058624	13107200	{'D:1'}
chr17	29884416	30932992	{'V:1'}
chr17	58195968	59244544	{'C:1'}
chr17	58720256	59768832	{'C:1'}
chr18	1572864	2621440	{'V:1'}
chr18	24117248	25165824	{'A:1'}
chr18	48758784	49807360	{'C:1', 'A:1', 'V:1'}
chr18	50855936	51904512	{'C:1', 'A:1', 'V:1'}
chr19	5242880	6291456	{'D:1'}
chr19	5767168	6815744	{'D:1'}
chr2	22544384	23592960	{'D:1'}
chr2	26214400	27262976	{'A:1'}
chr2	40370176	41418752	{'C:1', 'A:1', 'V:1'}
chr2	40894464	41943040	{'D:1'}
chr2	45613056	46661632	{'V:1'}
chr2	46137344	47185920	{'V:1'}
chr2	54525952	55574528	{'A:1'}
chr2	76021760	77070336	{'C:1', 'A:1', 'V:1'}
chr2	139984896	141033472	{'D:1'}
chr2	148373504	149422080	{'C:1'}
chr2	193462272	194510848	{'C:2', 'A:3', 'D:3'}
chr2	193986560	195035136	{'D:2'}
chr2	196083712	197132288	{'D:1'}
chr2	204472320	205520896	{'A:1', 'V:1'}
chr2	209190912	210239488	{'C:2', 'A:1', 'V:2'}
chr2	209715200	210763776	{'C:1', 'A:1', 'V:1'}
chr2	220200960	221249536	{'C:1', 'V:1'}
chr2	220725248	221773824	{'C:1', 'V:1'}
chr2	223870976	224919552	{'D:1'}
chr2	224395264	225443840	{'D:1'}
chr20	6291456	7340032	{'D:1'}
chr20	30408704	31457280	{'C:1', 'A:1', 'V:1'}
chr20	37748736	38797312	{'D:1'}
chr20	42991616	44040192	{'D:1'}
chr20	57671680	58720256	{'C:1', 'A:1', 'V:1'}
chr21	24641536	25690112	{'A:1', 'V:1'}
chr21	25165824	26214400	{'C:1', 'A:1', 'V:1'}
chr21	25690112	26738688	{'C:1', 'A:1', 'V:1'}
chr21	28835840	29884416	{'C:1'}
chr22	29360128	30408704	{'D:1'}
chr22	29884416	30932992	{'D:1'}
chr22	31457280	32505856	{'C:1', 'A:1', 'V:1'}
chr3	5242880	6291456	{'D:1'}
chr3	16252928	17301504	{'V:1'}
chr3	22020096	23068672	{'A:1'}
chr3	25690112	26738688	{'C:1'}
chr3	26214400	27262976	{'C:1'}
chr3	51904512	52953088	{'A:2'}
chr3	70778880	71827456	{'D:1'}
chr3	72351744	73400320	{'D:1'}
chr3	72876032	73924608	{'D:1'}
chr3	79167488	80216064	{'C:1'}
chr3	79691776	80740352	{'C:1'}
chr3	81264640	82313216	{'C:1', 'V:1'}
chr3	81788928	82837504	{'C:1', 'V:1'}
chr3	99614720	100663296	{'D:1'}
chr3	106954752	108003328	{'A:1'}
chr3	120061952	121110528	{'C:1', 'A:1', 'V:1'}
chr3	121110528	122159104	{'D:1'}
chr3	135266304	136314880	{'D:1'}
chr3	135790592	136839168	{'D:1'}
chr3	138936320	139984896	{'C:1'}
chr3	140509184	141557760	{'C:1'}
chr3	141033472	142082048	{'C:1'}
chr3	141557760	142606336	{'D:1'}
chr3	142082048	143130624	{'D:1'}
chr3	169869312	170917888	{'D:1'}
chr3	170393600	171442176	{'D:1'}
chr3	181927936	182976512	{'D:1'}
chr3	182452224	183500800	{'D:1'}
chr3	189267968	190316544	{'V:1', 'C:1', 'A:1', 'D:1'}
chr3	189792256	190840832	{'V:1', 'C:1', 'A:1', 'D:1'}
chr4	33554432	34603008	{'A:1'}
chr4	34078720	35127296	{'A:1'}
chr4	62914560	63963136	{'D:1'}
chr4	84410368	85458944	{'V:1'}
chr4	102236160	103284736	{'D:1'}
chr4	102760448	103809024	{'D:1'}
chr4	130547712	131596288	{'D:1'}
chr4	131072000	132120576	{'D:1'}
chr4	136839168	137887744	{'C:1'}
chr4	137363456	138412032	{'C:1'}
chr4	165675008	166723584	{'C:1', 'A:1', 'V:1'}
chr4	166199296	167247872	{'C:1'}
chr4	173015040	174063616	{'V:1', 'C:1', 'A:1', 'D:1'}
chr4	177209344	178257920	{'C:1', 'V:1'}
chr5	2621440	3670016	{'C:1', 'V:1'}
chr5	4194304	5242880	{'C:1', 'V:1'}
chr5	4718592	5767168	{'C:1', 'V:1'}
chr5	19922944	20971520	{'C:1'}
chr5	23592960	24641536	{'C:1', 'A:1', 'V:1'}
chr5	24117248	25165824	{'C:1', 'A:1', 'V:1'}
chr5	35651584	36700160	{'C:1', 'A:1', 'V:1'}
chr5	60293120	61341696	{'D:2'}
chr5	73400320	74448896	{'A:1'}
chr5	83886080	84934656	{'C:1', 'A:1', 'V:1'}
chr5	93323264	94371840	{'A:1'}
chr5	101711872	102760448	{'C:1', 'A:1', 'V:1'}
chr5	102236160	103284736	{'C:1', 'A:1', 'V:1'}
chr5	103809024	104857600	{'C:1'}
chr5	106430464	107479040	{'C:1', 'A:1', 'V:1'}
chr5	129499136	130547712	{'D:1'}
chr5	130023424	131072000	{'D:1'}
chr5	136314880	137363456	{'D:1'}
chr6	27787264	28835840	{'C:1', 'V:1'}
chr6	28311552	29360128	{'C:1', 'V:1'}
chr6	51380224	52428800	{'D:1'}
chr6	51904512	52953088	{'D:1'}
chr6	56623104	57671680	{'C:1', 'A:1', 'V:1'}
chr6	65011712	66060288	{'C:2', 'A:2', 'D:1', 'V:2'}
chr6	65536000	66584576	{'C:2', 'A:2', 'V:2'}
chr6	69206016	70254592	{'A:1', 'V:1'}
chr6	74973184	76021760	{'D:1'}
chr6	75497472	76546048	{'D:1'}
chr6	99614720	100663296	{'C:1', 'A:1', 'V:1'}
chr6	108527616	109576192	{'C:1', 'A:1', 'V:1'}
chr6	116916224	117964800	{'D:1'}
chr6	119537664	120586240	{'V:1'}
chr6	123207680	124256256	{'D:1'}
chr6	123731968	124780544	{'D:1'}
chr6	128974848	130023424	{'C:1'}
chr6	129499136	130547712	{'C:1'}
chr6	166723584	167772160	{'A:1'}
chr7	3670016	4718592	{'C:1', 'A:1', 'V:1'}
chr7	8388608	9437184	{'D:1'}
chr7	8912896	9961472	{'D:1'}
chr7	22544384	23592960	{'V:1', 'C:1', 'A:1', 'D:1'}
chr7	23068672	24117248	{'C:2', 'D:2', 'A:2', 'V:2'}
chr7	39845888	40894464	{'D:1'}
chr7	40370176	41418752	{'A:1', 'D:1'}
chr7	40894464	41943040	{'A:1'}
chr7	45613056	46661632	{'C:1', 'A:1', 'V:1'}
chr7	62390272	63438848	{'V:1', 'A:1', 'D:1'}
chr7	86507520	87556096	{'D:1'}
chr7	87031808	88080384	{'D:1'}
chr7	96468992	97517568	{'A:1'}
chr7	96993280	98041856	{'A:1'}
chr7	109576192	110624768	{'D:1'}
chr7	120586240	121634816	{'A:1'}
chr7	131596288	132644864	{'C:1', 'A:1', 'V:1'}
chr7	135790592	136839168	{'D:1'}
chr7	157810688	158859264	{'A:1'}
chr8	20447232	21495808	{'D:1'}
chr8	49807360	50855936	{'C:1', 'A:1', 'V:1'}
chr8	62390272	63438848	{'D:1'}
chr8	62914560	63963136	{'D:1'}
chr8	72351744	73400320	{'D:1'}
chr8	80740352	81788928	{'D:1'}
chr8	81264640	82313216	{'D:1'}
chr8	97517568	98566144	{'C:1', 'A:1', 'V:2'}
chr8	99614720	100663296	{'C:2', 'A:1', 'V:2'}
chr8	119013376	120061952	{'C:1', 'A:1', 'V:1'}
chr8	123731968	124780544	{'V:1'}
chr8	143130624	144179200	{'C:1'}
chr9	26738688	27787264	{'D:1'}
chr9	29884416	30932992	{'A:1'}
chr9	83361792	84410368	{'D:1'}
chr9	83886080	84934656	{'D:1'}
chr9	130547712	131596288	{'A:1'}
chrX	5767168	6815744	{'D:2'}
chrX	11010048	12058624	{'V:1', 'C:1', 'A:1', 'D:1'}
chrX	11534336	12582912	{'V:1', 'C:1', 'A:1', 'D:1'}
chrX	29360128	30408704	{'C:1', 'A:1'}
chrX	47185920	48234496	{'C:1', 'A:1', 'V:1'}
chrX	71827456	72876032	{'C:1', 'V:1'}
chrX	72351744	73400320	{'C:1', 'V:1'}
chrX	95420416	96468992	{'D:1'}
chrX	95944704	96993280	{'D:1'}
chrX	115867648	116916224	{'D:1'}
chrX	116391936	117440512	{'D:1'}
