pos	45088770.0	45143960.0	45199140.0	45254330.0	45309520.0	45364710.0	45419900.0	45475080.0	45530270.0	45585460.0	45640650.0	45695840.0	45751030.0	45806210.0	45861400.0	45916590.0	45971780.0	46026970.0	46082160.0	46137340.0
AFR_ESN_female_HG03105	0.00042549999999996757	0.0005070999999999826	0.0007563999999999904	0.001650200000000046	0.0019029000000000407	0.00795709999999994	0.004009700000000005	0.010176999999999992	0.00748430000000011	0.006876800000000016	0.0055186999999999875	0.0039464000000000166	0.0065582000000000695	0.007023699999999966	0.016585799999999984	0.008429699999999873	0.003939899999999996	0.0008459999999999024	0.0023752000000000217	0.002365699999999915
AFR_GWD_female_HG03539	0.0004026000000000307	0.0002898999999999541	0.0006049000000001303	0.000937900000000047	0.0010312000000000099	0.008234699999999928	0.004279499999999992	0.010309800000000036	0.007416599999999884	0.006308300000000044	0.005847899999999906	0.0037988999999999384	0.006079000000000057	0.006112499999999965	0.01598619999999995	0.0074736999999999165	0.004519000000000051	0.0007378000000000107	0.002316100000000043	0.00239950000000011
AFR_LWK_female_NA19378	0.00073869999999987	0.000564299999999962	0.0009280000000000399	0.0012761999999998386	0.0013216999999998702	0.007828099999999893	0.004113800000000056	0.010622800000000043	0.008035199999999909	0.006947999999999954	0.00585290000000005	0.0044031999999999405	0.00639959999999995	0.006788199999999911	0.015522899999999895	0.008120800000000039	0.004080300000000037	0.0007641999999999927	0.001957100000000045	0.0027074000000000265
AFR_MSL_female_HG03212	0.00024330000000005736	0.0011001999999999956	0.00036360000000001946	0.0011065000000000103	0.0013976000000001099	0.007577199999999951	0.0039959999999998885	0.010052199999999956	0.006929199999999969	0.006507999999999958	0.005671900000000063	0.003965899999999967	0.006171800000000061	0.006031999999999926	0.015504699999999816	0.007554600000000078	0.003785399999999939	0.0008414000000001032	0.0021356000000000153	0.0023745999999998935
AFR_YRI_female_NA18870	0.0006464000000000469	0.0005949000000000648	0.0008780999999998818	0.0013524999999999787	0.0014233000000000162	0.009237700000000015	0.004404099999999911	0.011458699999999933	0.007674699999999923	0.006388699999999914	0.005725599999999886	0.004444600000000021	0.006978099999999876	0.005638099999999979	0.017014300000000038	0.007440000000000002	0.004251499999999964	0.0008966000000000252	0.0020361999999999325	0.0037021000000000415
EAS_CDX_female_HG00978	0.0002946000000000337	0.0006181000000000658	0.0006937999999999667	0.0012824000000000169	0.0017898000000000636	0.008946800000000033	0.004346600000000089	0.011040200000000056	0.008648500000000059	0.006545800000000046	0.006354699999999824	0.0042760000000000575	0.006349500000000119	0.00632900000000014	0.017522899999999897	0.008199999999999985	0.004727399999999937	0.0007575000000000776	0.002672099999999955	0.0032704000000000066
EAS_CHB_female_NA18595	0.00020699999999995722	0.00037090000000006285	0.0007030999999999565	0.0010931999999999054	0.0012601999999999336	0.009243300000000065	0.004576400000000147	0.011722099999999958	0.008089200000000019	0.00701240000000003	0.006943300000000097	0.005185600000000012	0.007636799999999999	0.005715999999999943	0.017755500000000035	0.008458799999999989	0.005096099999999937	0.0022030999999999024	0.002828300000000117	0.0033905999999999104
EAS_CHS_female_HG00560	0.00023230000000007411	0.000432800000000122	0.0005314000000000707	0.0010011999999999244	0.0017208000000000778	0.00818719999999995	0.004553499999999988	0.01043969999999994	0.007505900000000065	0.006366800000000006	0.0071430000000000105	0.0046023999999998955	0.006886700000000023	0.006143400000000132	0.015303399999999967	0.007147500000000084	0.004511399999999943	0.0022240000000000038	0.0026394000000000695	0.003728700000000029
EAS_JPT_female_NA19077	0.0003425999999999707	0.00043199999999998795	0.0005091000000000401	0.0012924999999999187	0.001591500000000079	0.010027100000000067	0.005011199999999882	0.012012499999999982	0.009343499999999949	0.00781529999999997	0.0066966000000000525	0.004730200000000018	0.006899500000000058	0.006943100000000091	0.019151100000000087	0.009480400000000055	0.005053000000000085	0.0007391999999999399	0.002626199999999912	0.0031476999999998645
EAS_KHV_female_HG01851	0.0003963000000000161	0.0007608000000000059	0.0007909999999999862	0.0011610000000000786	0.0015755999999998993	0.00808080000000011	0.004266699999999957	0.01128349999999989	0.008527900000000033	0.006977100000000069	0.006028199999999928	0.004208199999999995	0.006225799999999948	0.005736399999999975	0.01711419999999997	0.008614299999999964	0.0042088000000000125	0.000791500000000056	0.0027183000000000623	0.0030344000000001037
EUR_CEU_female_NA12006	0.0007860999999999008	0.0007308000000001424	0.0014463000000000115	0.0013908000000001364	0.002247800000000133	0.011873599999999929	0.007554000000000061	0.013201599999999925	0.012135300000000071	0.007878399999999952	0.007570000000000077	0.005396500000000026	0.008392599999999972	0.007337600000000055	0.017818	0.009078300000000095	0.0050786999999999916	0.0022990999999999984	0.0028129999999999544	0.004283400000000048
EUR_FIN_female_HG00285	0.0001554999999999751	0.0002866999999999731	0.00037640000000005447	0.00098750000000003	0.0012798000000000531	0.00854290000000002	0.004776499999999961	0.011106300000000013	0.007893599999999945	0.006599099999999969	0.007086900000000007	0.004973400000000017	0.007068700000000039	0.005692199999999814	0.01735540000000002	0.007453099999999879	0.004990800000000073	0.0023460999999999066	0.0025495000000000934	0.004725100000000038
EUR_GBR_female_HG00261	0.0005287000000000486	0.000526400000000149	0.00020309999999990058	0.00026100000000006673	0.00045319999999993144	0.0003910999999999776	0.0001396000000000175	0.00030599999999991745	0.0007705000000000073	0.00012049999999996786	0.0008925999999999101	0.0006816999999998963	0.0008701999999999321	0.00042549999999996757	0.0005396999999999208	0.0005594000000000987	0.0007408000000000969	0.0019090000000000495	0.0011693000000001508	0.001230699999999918
EUR_IBS_female_HG01519	0.0003165999999998892	0.00023799999999996047	0.0003615000000000146	0.0010998999999999315	0.0012924000000000824	0.008612199999999959	0.004647600000000085	0.010449500000000111	0.008009799999999956	0.006443699999999941	0.006903499999999951	0.004450200000000071	0.007318300000000111	0.006388199999999955	0.01595639999999998	0.006883899999999943	0.004213299999999975	0.002390200000000009	0.002605099999999916	0.0033088000000000006
EUR_TSI_female_NA20795	0.0007766000000000162	0.0006924999999998738	0.0006933000000001188	0.0003045999999999882	0.000689099999999998	0.00034089999999997733	0.0003083000000000391	0.000250400000000095	0.0007370000000000987	0.0003414000000000472	0.00010409999999994035	7.860000000003975e-05	0.00010719999999997398	0.00016139999999997823	0.00034170000000000034	0.000142400000000098	0.00041880000000005246	0.00011419999999995323	0.0002828000000001385	0.000504800000000083
SAS_BEB_female_HG03823	0.00031449999999999534	0.00034210000000001184	0.00044800000000000395	0.00018899999999999473	0.0005934000000000772	0.0001556000000000335	0.0003354999999999331	0.00024889999999999635	0.0009451999999999794	0.0001923000000000341	0.0004271999999998499	0.00019449999999998635	0.00048549999999991655	0.0003621999999999792	0.0002934999999999466	0.0006904000000000909	0.0004751000000000616	0.0006688000000000249	0.0002839000000000036	0.00032559999999992595
SAS_GIH_female_NA20876	0.00034760000000000346	0.00032330000000002634	0.0005710999999999355	0.001090699999999889	0.001529900000000084	0.007862800000000059	0.0043103999999999365	0.010401699999999958	0.0070181999999998634	0.00649120000000003	0.006717900000000054	0.0044695999999999625	0.007716400000000068	0.006362700000000054	0.015032699999999899	0.007476700000000003	0.003888699999999856	0.002293100000000048	0.002505999999999897	0.0040175999999999545
SAS_ITU_female_HG03772	0.00044219999999983717	0.0005764999999999798	0.0005041999999999547	0.0012885000000000257	0.0017908000000000923	0.00974279999999994	0.004763900000000154	0.012094099999999885	0.008951400000000054	0.0072336999999998985	0.006268700000000016	0.004553499999999988	0.006811300000000076	0.005684699999999987	0.018298200000000042	0.00962990000000008	0.004672299999999963	0.0007328000000000889	0.002284100000000011	0.0031853000000000575
SAS_PJL_female_HG03016	0.0003410000000000357	0.0006985000000000463	0.00025450000000004636	0.0003908000000001355	0.0003714000000000217	0.00029340000000011024	0.0006437999999999722	0.00012019999999990372	0.0004011000000000431	9.660000000000224e-05	9.210000000003937e-05	0.00021530000000002936	0.00020699999999995722	0.00020490000000006336	0.00028690000000008986	0.0001436000000000215	0.00017420000000001323	0.00015819999999999723	0.00016039999999994947	0.0002868000000000315
SAS_STU_female_HG04099	0.0004423000000001176	0.0002626000000000017	0.0004806000000000532	0.0013074000000000696	0.0015072000000000418	0.008706099999999939	0.004523300000000008	0.011882800000000082	0.008125300000000113	0.0068365999999999705	0.005757200000000018	0.004058100000000064	0.006779500000000049	0.00565110000000002	0.016980999999999913	0.008698099999999931	0.003727800000000059	0.0007152999999999743	0.0023562000000000305	0.0026103000000000653
