chr	start	pos	afr_allele	arc_allele	AH_inSilicoMut	tad	genes	eQTL_genes	chen20_haplotypeOverlap	1kgp AF
chr1	39081567	39081568	A	T	D:0.0128:(chr1:38273024-39321600:D)	chr1:38490672-39300672	POU3F1	.	.	.
chr1	57093415	57093416	C	T	D:0.0059:(chr1:56623104-57671680:D)	chr1:57050673-57290673	C1orf168, PRKAA2	.	.	.
chr1	67391002	67391003	C	G	V:0.0035:(chr1:66584576-67633152:V,C,A,D); D:0.0029:(chr1:67108864-68157440:D); C:0.0035:(chr1:66584576-67633152:V,C,A,D); D:0.0035:(chr1:66584576-67633152:V,C,A,D); A:0.0035:(chr1:66584576-67633152:V,C,A,D)	.	.	MIER1:9.7e-10:Muscle_Skeletal; DNAI4:2.14e-05:Heart_Left_Ventricle; MIER1:2.46e-14:Esophagus_Muscularis; MIER1:1.99e-09:Breast_Mammary_Tissue; MIER1:1.05e-11:Heart_Atrial_Appendage; MIER1:1.72e-13:Adipose_Subcutaneous; MIER1:6e-18:Thyroid; MIER1:7.38e-05:Brain_Cortex; MIER1:9.4e-27:Artery_Tibial; MIER1:1.86e-05:Brain_Cerebellar_Hemisphere; DNAI4:7.54e-23:Artery_Tibial; MIER1:1.34e-05:Cells_EBV-transformed_lymphocytes; MIER1:6.95e-18:Artery_Aorta; MIER1:5.17e-07:Brain_Caudate_basal_ganglia; DNAI4:1.46e-09:Pituitary; MIER1:1.31e-05:Spleen; DNAI4:1.44e-47:Testis; MIER1:4.57e-10:Heart_Left_Ventricle; MIER1:7.54e-14:Adipose_Visceral_Omentum; MIER1:1.16e-20:Esophagus_Gastroesophageal_Junction; DNAI4:2.86e-05:Adrenal_Gland; MIER1:7.15e-09:Lung; MIER1:2.61e-07:Brain_Cerebellum; DNAI4:0.000106:Adipose_Subcutaneous; DNAI4:0.000198:Esophagus_Mucosa; DNAI4:4.34e-09:Artery_Aorta; MIER1:7.73e-08:Adrenal_Gland; MIER1:7.61e-09:Nerve_Tibial; MIER1:2.32e-05:Colon_Transverse; MIER1:7.41e-11:Colon_Sigmoid; DNAI4:0.000224:Skin_Sun_Exposed_Lower_leg; MIER1:1.36e-09:Testis; MIER1:8.23e-24:Cells_Cultured_fibroblasts; DNAI4:1.89e-17:Thyroid; DNAI4:2.55e-09:Nerve_Tibial	.	AF=0.161,EAS_AF=0.117,AMR_AF=0.164,EUR_AF=0.264,SAS_AF=0.107,AFR_AF=0.155
chr1	74305803	74305804	G	A	A:0.0279:(chr1:73924608-74973184:V,C,A); V:0.0279:(chr1:73924608-74973184:V,C,A); C:0.0279:(chr1:73924608-74973184:V,C,A)	chr1:72750683-74475684	.	.	.	.
chr1	81831636	81831637	T	C	D:0.0073:(chr1:81264640-82313216:D)	chr1:80715685-82005685	.	.	.	.
chr1	81880299	81880300	C	G	D:0.0077:(chr1:81264640-82313216:D)	chr1:80715685-82005685	.	.	.	.
chr1	89920913	89920914	C	T	D:0.0214:(chr1:89653248-90701824:D)	.	.	.	.	.
chr1	99119824	99119825	G	T	C:0.0077:(chr1:98566144-99614720:C)	chr1:98935556-99235556	SNX7	.	.	.
chr1	107518783	107518784	G	T	D:0.0743:(chr1:106954752-108003328:D)	chr1:106422622-107572622	.	.	.	.
chr1	150707571	150707572	G	T	D:0.0021:(chr1:149946368-150994944:D)	chr1:150602476-150782476	GOLPH3L, CTSK, CTSS, ARNT, HORMAD1	.	.	AF=0.00719,EAS_AF=0.001,AMR_AF=0.0086,EUR_AF=0.0209,SAS_AF=0.0072,AFR_AF=0.0008
chr1	156326907	156326908	G	A	C:0.0027:(chr1:156237824-157286400:C,A); A:0.0027:(chr1:156237824-157286400:C,A); C:0.0050:(chr1:155713536-156762112:C)	chr1:156314791-156419792	TSACC, RHBG, C1orf61	.	.	.
chr1	194308807	194308808	C	T	V:0.1548:(chr1:193986560-195035136:V)	chr1:194119130-195699130	.	.	.	.
chr1	212988539	212988540	G	C	V:0.0191:(chr1:212336640-213385216:V,C,A); C:0.0191:(chr1:212336640-213385216:V,C,A); A:0.0191:(chr1:212336640-213385216:V,C,A); C:0.0195:(chr1:212860928-213909504:V,C,A); A:0.0195:(chr1:212860928-213909504:V,C,A); V:0.0195:(chr1:212860928-213909504:V,C,A)	chr1:212968342-213293342	VASH2, TATDN3, RPS6KC1, SPATA45, FLVCR1, ANGEL2	TATDN3:6.58e-14:Muscle_Skeletal; TATDN3:2.35e-08:Pituitary; FLVCR1:1.36e-05:Nerve_Tibial; TATDN3:9.29e-12:Esophagus_Muscularis; TATDN3:4.83e-05:Breast_Mammary_Tissue; FLVCR1-DT:2.65e-05:Skin_Sun_Exposed_Lower_leg; FLVCR1:0.000149:Thyroid; TATDN3:1.07e-14:Thyroid; TATDN3:5.73e-07:Spleen; NSL1:0.00016:Esophagus_Muscularis; TATDN3:2.96e-05:Esophagus_Gastroesophageal_Junction; TATDN3:2.11e-08:Nerve_Tibial; TATDN3:6.41e-07:Artery_Tibial; TATDN3:3.55e-09:Adipose_Visceral_Omentum; SPATA45:2.58e-06:Nerve_Tibial; SPATA45:5.11e-06:Brain_Cortex; SPATA45:5.78e-06:Brain_Hippocampus; TATDN3:1.91e-07:Heart_Left_Ventricle; SPATA45:3.34e-12:Testis; TATDN3:4.76e-11:Skin_Sun_Exposed_Lower_leg; TATDN3:4.07e-06:Brain_Cerebellum; TATDN3:2.78e-13:Artery_Aorta; TATDN3:2.06e-05:Esophagus_Mucosa; TATDN3:6.49e-08:Skin_Not_Sun_Exposed_Suprapubic; TATDN3:3.03e-05:Artery_Coronary; SPATA45:0.000155:Thyroid; FLVCR1-DT:0.000129:Thyroid; TATDN3:1.94e-05:Lung; TATDN3:5.7e-09:Adipose_Subcutaneous	.	AF=0.0202,EAS_AF=0.0119,AMR_AF=0.0202,EUR_AF=0.0368,SAS_AF=0.0378,AFR_AF=0.0008
chr1	234250527	234250528	G	C	V:0.0074:(chr1:233308160-234356736:V); V:0.0372:(chr1:233832448-234881024:V)	.	.	.	.	.
chr10	62724107	62724108	T	C	A:0.0202:(chr10:62390272-63438848:V,C,A,D); V:0.0202:(chr10:62390272-63438848:V,C,A,D); D:0.0202:(chr10:62390272-63438848:V,C,A,D); C:0.0202:(chr10:62390272-63438848:V,C,A,D)	chr10:62539758-62724758	RHOBTB1, CDK1	.	.	AF=0.0012,EAS_AF=0,AMR_AF=0.0029,EUR_AF=0,SAS_AF=0.0041,AFR_AF=0
chr10	84600480	84600481	A	C	A:0.0165:(chr10:84410368-85458944:A)	chr10:84559756-84749756	NRG3	NRG3:8.24e-06:Testis	.	AF=0.898,EAS_AF=0.976,AMR_AF=0.938,EUR_AF=0.848,SAS_AF=0.792,AFR_AF=0.935
chr10	84812944	84812945	G	A	A:0.0704:(chr10:84410368-85458944:A)	chr10:84754756-85894756	.	.	.	.
chr10	87430343	87430344	T	C	V:0.0214:(chr10:87031808-88080384:V,C,A); A:0.0214:(chr10:87031808-88080384:V,C,A); C:0.0214:(chr10:87031808-88080384:V,C,A)	chr10:86299756-88144757	GRID1	GRID1-AS1:8.09e-06:Breast_Mammary_Tissue; GRID1-AS1:8.3e-08:Testis; GRID1:2.36e-07:Testis	.	AF=0.0399,EAS_AF=0.0079,AMR_AF=0.0231,EUR_AF=0.0417,SAS_AF=0.0337,AFR_AF=0.0764
chr10	129362385	129362386	C	T	D:0.0472:(chr10:128974848-130023424:D)	chr10:129258264-129863264	CLRN3, FOXI2, NPS, PTPRE	.	.	.
chr11	10098602	10098603	C	T	V:0.0084:(chr11:9437184-10485760:V)	chr11:10001547-10326547	SBF2, ADM	.	.	.
chr11	18137234	18137235	G	A	C:0.0166:(chr11:17301504-18350080:V,C,A,D); D:0.0281:(chr11:17825792-18874368:V,C,A,D); V:0.0281:(chr11:17825792-18874368:V,C,A,D); D:0.0166:(chr11:17301504-18350080:V,C,A,D); C:0.0281:(chr11:17825792-18874368:V,C,A,D); A:0.0166:(chr11:17301504-18350080:V,C,A,D); V:0.0166:(chr11:17301504-18350080:V,C,A,D); A:0.0281:(chr11:17825792-18874368:V,C,A,D)	chr11:18131547-18261547	SAA4, SAA2-SAA4, MRGPRX3, MRGPRX4, SAA2	.	.	AF=0.00379,EAS_AF=0,AMR_AF=0.0029,EUR_AF=0,SAS_AF=0,AFR_AF=0.0129
chr11	23043039	23043040	C	T	D:0.0081:(chr11:22544384-23592960:D)	chr11:22856546-23541546	CCDC179	.	.	.
chr11	72953839	72953840	T	C	A:0.0077:(chr11:72351744-73400320:V,C,A,D); D:0.0077:(chr11:72351744-73400320:V,C,A,D); V:0.0077:(chr11:72351744-73400320:V,C,A,D); C:0.0077:(chr11:72351744-73400320:V,C,A,D)	chr11:72896045-73001045	P2RY2, P2RY6	ENSG00000260401:6.43e-05:Artery_Aorta; ENSG00000260401:7.37e-05:Spleen; ARHGEF17-AS1:6.24e-05:Lung	.	AF=0.243,EAS_AF=0.446,AMR_AF=0.353,EUR_AF=0.255,SAS_AF=0.246,AFR_AF=0.0204
chr11	75918815	75918816	G	C	D:0.0303:(chr11:75497472-76546048:D)	.	.	.	.	.
chr11	116147488	116147489	T	A	C:0.1458:(chr11:115343360-116391936:V,C,A); V:0.1458:(chr11:115343360-116391936:V,C,A); V:0.0325:(chr11:115867648-116916224:V,C,A); C:0.0325:(chr11:115867648-116916224:V,C,A); A:0.1458:(chr11:115343360-116391936:V,C,A); A:0.0325:(chr11:115867648-116916224:V,C,A)	chr11:115200719-116595716	CADM1	.	.	AF=0.0248,EAS_AF=0.004,AMR_AF=0.0461,EUR_AF=0.0557,SAS_AF=0.0256,AFR_AF=0.0053
chr11	127228219	127228220	G	T	D:0.0147:(chr11:126877696-127926272:D); D:0.0077:(chr11:126353408-127401984:D)	chr11:126869896-127694895	KIRREL3	.	.	.
chr11	132811125	132811126	C	T	D:0.0230:(chr11:132120576-133169152:D)	chr11:132004894-132944895	OPCML, NTM	.	.	.
chr12	60392107	60392108	G	C	V:0.0126:(chr12:59768832-60817408:V,C,A); C:0.0126:(chr12:59768832-60817408:V,C,A); A:0.0126:(chr12:59768832-60817408:V,C,A)	chr12:60228781-60498781	.	.	.	AF=0.00739,EAS_AF=0.0109,AMR_AF=0.0014,EUR_AF=0.006,SAS_AF=0.0194,AFR_AF=0
chr12	90557949	90557950	C	A	A:0.0144:(chr12:89653248-90701824:A); A:0.0771:(chr12:90177536-91226112:A)	chr12:90513777-91333777	.	.	.	AF=0.000998,EAS_AF=0,AMR_AF=0,EUR_AF=0,SAS_AF=0,AFR_AF=0.0038
chr12	113430835	113430836	G	T	D:0.0059:(chr12:112721920-113770496:D)	chr12:112852804-113617805	RPH3A, PTPN11, DDX54, RPL6, OAS1, DTX1, RASAL1, CFAP73, OAS2, OAS3	DTX1:3.2e-05:Brain_Cerebellum; OAS3:2.05e-05:Spleen; OAS1:6.53e-07:Esophagus_Mucosa; OAS3:2.63e-19:Cells_Cultured_fibroblasts; RITA1:1.56e-05:Muscle_Skeletal; DTX1:7.14e-06:Brain_Cerebellar_Hemisphere	.	AF=0.229,EAS_AF=0.0704,AMR_AF=0.281,EUR_AF=0.456,SAS_AF=0.296,AFR_AF=0.0991
chr13	36782008	36782009	C	T	A:0.0070:(chr13:36175872-37224448:A)	chr13:36554137-36849137	DCLK1, CCDC169, CCDC169-SOHLH2, SOHLH2	.	.	AF=0.000599,EAS_AF=0,AMR_AF=0,EUR_AF=0,SAS_AF=0,AFR_AF=0.0023
chr13	39591123	39591124	C	T	V:0.0135:(chr13:38797312-39845888:V); V:0.0075:(chr13:39321600-40370176:V)	chr13:39159137-39614137	NHLRC3, PROSER1, STOML3, FREM2	PROSER1:1.5e-08:Adipose_Visceral_Omentum; PROSER1:1.67e-06:Adipose_Subcutaneous; ENSG00000273507:4.19e-05:Brain_Hippocampus; PROSER1:5.71e-05:Pituitary; PROSER1:6.74e-07:Skin_Not_Sun_Exposed_Suprapubic; ENSG00000273507:3.24e-08:Brain_Caudate_basal_ganglia; ENSG00000273507:1.54e-05:Brain_Putamen_basal_ganglia; PROSER1:3.54e-10:Muscle_Skeletal; PROSER1:3.68e-06:Skin_Sun_Exposed_Lower_leg	.	AF=0.0403,EAS_AF=0,AMR_AF=0.0706,EUR_AF=0.0437,SAS_AF=0.107,AFR_AF=0.003
chr13	42185703	42185704	G	A	D:0.0057:(chr13:41418752-42467328:C,A,D); A:0.0057:(chr13:41418752-42467328:C,A,D); C:0.0057:(chr13:41418752-42467328:C,A,D)	chr13:41929136-42234136	RGCC, VWA8, NAA16	.	.	AF=0.000399,EAS_AF=0.002,AMR_AF=0,EUR_AF=0,SAS_AF=0,AFR_AF=0
chr13	50011293	50011294	T	G	A:0.0079:(chr13:49283072-50331648:A)	chr13:49874136-50014136	CAB39L	.	.	.
chr13	88762337	88762338	T	C	V:0.0635:(chr13:88604672-89653248:V); V:0.0530:(chr13:88080384-89128960:V)	chr13:88032255-88837255	SLITRK5	.	.	AF=0.0026,EAS_AF=0.0119,AMR_AF=0,EUR_AF=0,SAS_AF=0.001,AFR_AF=0
chr13	93549282	93549283	G	A	A:0.0177:(chr13:92798976-93847552:V,C,A); C:0.0177:(chr13:92798976-93847552:V,C,A); V:0.0177:(chr13:92798976-93847552:V,C,A); V:0.0153:(chr13:93323264-94371840:V)	chr13:92792253-93567253	GPC5	.	.	.
chr13	108302639	108302640	G	A	C:0.0081:(chr13:108003328-109051904:V,C,A); V:0.0081:(chr13:108003328-109051904:V,C,A); A:0.0081:(chr13:108003328-109051904:V,C,A)	chr13:107822348-108862348	LIG4, FAM155A	.	chr13:108086024-108734706:non-African:FAM155A ; BC043519	AF=0.0635,EAS_AF=0.194,AMR_AF=0.0634,EUR_AF=0.007,SAS_AF=0.044,AFR_AF=0.0219
chr14	24950946	24950947	C	G	C:0.0089:(chr14:24641536-25690112:C)	chr14:24914206-25154206	GZMH, GZMB, CMA1, CTSG	.	.	.
chr14	40722209	40722210	C	T	V:0.2868:(chr14:40370176-41418752:V,C,A); C:0.0238:(chr14:39845888-40894464:V,C,A); V:0.0238:(chr14:39845888-40894464:V,C,A); A:0.0238:(chr14:39845888-40894464:V,C,A); A:0.2868:(chr14:40370176-41418752:V,C,A); C:0.2868:(chr14:40370176-41418752:V,C,A)	chr14:39904204-42564203	LRFN5	.	.	AF=0.000998,EAS_AF=0.005,AMR_AF=0,EUR_AF=0,SAS_AF=0,AFR_AF=0
chr14	45383037	45383038	C	T	D:0.0091:(chr14:45088768-46137344:D)	chr14:45369203-45594203	C14orf28, KLHL28, FAM179B, PRPF39, FKBP3	.	.	.
chr14	46120138	46120139	G	C	V:0.0228:(chr14:45613056-46661632:V,D)	chr14:45749203-46519203	.	.	.	AF=0.0002,EAS_AF=0,AMR_AF=0,EUR_AF=0,SAS_AF=0.001,AFR_AF=0
chr14	46147558	46147559	G	T	D:0.0195:(chr14:45613056-46661632:V,D)	chr14:45749203-46519203	.	.	.	AF=0.0018,EAS_AF=0.006,AMR_AF=0,EUR_AF=0,SAS_AF=0,AFR_AF=0.0023
chr14	46307979	46307980	G	A	D:0.0095:(chr14:45613056-46661632:V,D)	chr14:45749203-46519203	.	.	.	.
chr14	46311043	46311044	C	T	D:0.0068:(chr14:45613056-46661632:V,D)	chr14:45749203-46519203	.	.	.	.
chr14	70193855	70193856	G	T	V:0.0064:(chr14:69206016-70254592:V,C,A); C:0.0064:(chr14:69206016-70254592:V,C,A); A:0.0064:(chr14:69206016-70254592:V,C,A)	chr14:70051717-70231717	SUSD6	.	.	AF=0.00439,EAS_AF=0.004,AMR_AF=0,EUR_AF=0,SAS_AF=0.0184,AFR_AF=0
chr14	73640017	73640018	C	G	A:0.0157:(chr14:72876032-73924608:A)	chr14:73616708-73756708	PSEN1, NUMB, PAPLN	.	.	.
chr14	81620153	81620154	A	C	D:0.0065:(chr14:80740352-81788928:D)	chr14:81461344-81686344	GTF2A1, TSHR	.	.	.
chr15	43733203	43733204	G	A	D:0.0311:(chr15:43515904-44564480:D); D:0.0306:(chr15:42991616-44040192:D)	chr15:43627198-44117198	SERINC4, ELL3, PDIA3, ZSCAN29, TUBGCP4, CATSPER2, MFAP1, HYPK, ADAL, MAP1A, STRC, TP53BP1, CKMT1B, SERF2, PPIP5K1, CKMT1A	.	.	.
chr15	95120357	95120358	G	C	C:0.0362:(chr15:94896128-95944704:C)	chr15:94878229-95563229	MCTP2	.	.	.
chr16	2480562	2480563	A	G	C:0.0104:(chr16:2097152-3145728:V,C,A); A:0.0104:(chr16:2097152-3145728:V,C,A); V:0.0104:(chr16:2097152-3145728:V,C,A)	chr16:2325001-2510001	ABCA3, CCNF	.	.	AF=0.000399,EAS_AF=0,AMR_AF=0,EUR_AF=0,SAS_AF=0.001,AFR_AF=0.0008
chr16	24264612	24264613	C	T	C:0.0086:(chr16:23592960-24641536:C)	chr16:24051321-24516321	PRKCB, CACNG3	.	.	.
chr16	28328570	28328571	G	A	V:0.0247:(chr16:27787264-28835840:V,C,A); A:0.0247:(chr16:27787264-28835840:V,C,A); C:0.0247:(chr16:27787264-28835840:V,C,A)	chr16:28236321-28961321	APOBR, SULT1A2, SULT1A1, RABEP2, EIF3C, CLN3, SH2B1, TUFM, IL27, NPIPB6, ATP2A1, SGF29, ATXN2L, SBK1, NUPR1, EIF3CL, NPIPB9, CD19, NPIPB8	.	.	.
chr16	50248035	50248036	G	A	D:0.0238:(chr16:49807360-50855936:D)	chr16:50243911-50398911	BRD7, ADCY7, PAPD5	.	.	.
chr16	50991540	50991541	G	A	V:0.0184:(chr16:50855936-51904512:V)	chr16:50848911-51178911	SALL1	.	.	.
chr16	55189919	55189920	G	A	D:0.0082:(chr16:54525952-55574528:D)	chr16:54968912-55488912	IRX6	.	.	.
chr16	55746378	55746379	C	A	D:0.0773:(chr16:55050240-56098816:D); D:0.0402:(chr16:55574528-56623104:D)	.	.	.	.	.
chr16	66304504	66304505	C	T	V:0.0060:(chr16:65536000-66584576:V)	.	.	.	.	.
chr17	12246143	12246144	A	C	A:0.0066:(chr17:12058624-13107200:V,C,A,D); V:0.0066:(chr17:12058624-13107200:V,C,A,D); C:0.0066:(chr17:12058624-13107200:V,C,A,D)	chr17:12068317-12568317	.	.	.	AF=0.0304,EAS_AF=0.12,AMR_AF=0.0187,EUR_AF=0.003,SAS_AF=0.0031,AFR_AF=0.0091
chr17	12377218	12377219	C	G	D:0.0136:(chr17:12058624-13107200:V,C,A,D)	chr17:12068317-12568317	.	.	.	.
chr17	30771334	30771335	G	C	V:0.0059:(chr17:29884416-30932992:V)	chr17:30477019-30772018	PSMD11, ZNF207, RHOT1, RHBDL3, C17orf75	.	.	.
chr17	59079827	59079828	T	A	C:0.0106:(chr17:58195968-59244544:C); C:0.0221:(chr17:58720256-59768832:V,C)	.	.	.	.	.
chr17	59079835	59079836	C	A	V:0.0038:(chr17:58720256-59768832:V,C)	.	.	APPBP2:7.59e-05:Skin_Not_Sun_Exposed_Suprapubic; ENSG00000267667:4.9e-05:Brain_Nucleus_accumbens_basal_ganglia	.	.
chr18	2105089	2105090	A	T	V:0.0046:(chr18:1572864-2621440:V)	chr18:2060001-2564999	METTL4	.	.	.
chr18	24944087	24944088	A	T	A:0.0110:(chr18:24117248-25165824:A)	chr18:24239964-25139964	CHST9, AQP4	ENSG00000264790:1.29e-07:Testis; ENSG00000264151:1.42e-12:Testis	.	AF=0.00958,EAS_AF=0.001,AMR_AF=0.0086,EUR_AF=0.0298,SAS_AF=0.0061,AFR_AF=0.0038
chr18	51225476	51225477	G	C	A:0.0317:(chr18:50855936-51904512:V,C,A); C:0.0317:(chr18:50855936-51904512:V,C,A); V:0.0317:(chr18:50855936-51904512:V,C,A)	chr18:50796370-51641370	DCC	.	.	AF=0.00919,EAS_AF=0.001,AMR_AF=0.0216,EUR_AF=0,SAS_AF=0.0307,AFR_AF=0
chr18	71647744	71647745	G	T	A:0.0424:(chr18:70778880-71827456:V,C,A); V:0.0424:(chr18:70778880-71827456:V,C,A); C:0.0424:(chr18:70778880-71827456:V,C,A)	chr18:71517235-71812235	FBXO15	.	.	AF=0.139,EAS_AF=0.0308,AMR_AF=0.102,EUR_AF=0.0109,SAS_AF=0.105,AFR_AF=0.362
chr19	6022475	6022476	G	A	D:0.0144:(chr19:5767168-6815744:D); D:0.0163:(chr19:5242880-6291456:D)	chr19:5905011-6165011	RFX2, VMAC, RANBP3, ACSBG2, CAPS	.	.	.
chr2	2660071	2660072	T	C	C:0.0010:(chr2:2097152-3145728:C)	chr2:1843772-3378771	MYT1L, TSSC1	.	.	AF=0.475,EAS_AF=0.519,AMR_AF=0.3,EUR_AF=0.396,SAS_AF=0.49,AFR_AF=0.585
chr2	7837985	7837986	A	G	C:0.0077:(chr2:7340032-8388608:V,C,A); V:0.0077:(chr2:7340032-8388608:V,C,A); A:0.0077:(chr2:7340032-8388608:V,C,A)	chr2:7570131-8140131	.	.	.	AF=0.0108,EAS_AF=0,AMR_AF=0.0144,EUR_AF=0.007,SAS_AF=0.0225,AFR_AF=0.0113
chr2	12559512	12559513	G	C	V:0.0182:(chr2:12058624-13107200:V,C); C:0.0182:(chr2:12058624-13107200:V,C)	chr2:12460126-12855126	.	.	.	AF=0.00479,EAS_AF=0,AMR_AF=0.0029,EUR_AF=0,SAS_AF=0,AFR_AF=0.0166
chr2	22202134	22202135	C	G	D:0.0134:(chr2:21495808-22544384:V,C,A,D); V:0.0134:(chr2:21495808-22544384:V,C,A,D); A:0.0134:(chr2:21495808-22544384:V,C,A,D); C:0.0134:(chr2:21495808-22544384:V,C,A,D)	chr2:21217872-22572872	APOB, TDRD15	.	.	AF=0.00978,EAS_AF=0,AMR_AF=0.0086,EUR_AF=0,SAS_AF=0,AFR_AF=0.0325
chr2	23127167	23127168	C	T	D:0.1111:(chr2:22544384-23592960:D)	chr2:22577872-23577871	.	.	.	.
chr2	40987397	40987398	C	T	C:0.0054:(chr2:40370176-41418752:V,C,A); V:0.0054:(chr2:40370176-41418752:V,C,A); A:0.0054:(chr2:40370176-41418752:V,C,A)	chr2:40682140-40997140	SLC8A1	.	.	.
chr2	41071709	41071710	A	C	D:0.0070:(chr2:40894464-41943040:D)	chr2:41002140-42067140	.	.	.	.
chr2	46290252	46290253	C	A	V:0.0073:(chr2:45613056-46661632:V); V:0.0069:(chr2:46137344-47185920:V)	chr2:46167139-46687139	EPAS1, PRKCE	.	.	.
chr2	55191082	55191083	G	A	A:0.0055:(chr2:54525952-55574528:A)	chr2:55127137-55272136	EML6, RTN4	.	.	.
chr2	139674802	139674803	G	T	A:0.0037:(chr2:139460608-140509184:A)	chr2:139602570-141612569	LRP1B	.	.	.
chr2	140704471	140704472	C	T	D:0.0068:(chr2:139984896-141033472:D)	chr2:139602570-141612569	LRP1B	.	.	.
chr2	148959133	148959134	C	T	C:0.0903:(chr2:148373504-149422080:C)	chr2:148687569-149397569	ORC4, MBD5, ACVR2A	.	.	.
chr2	194105690	194105691	T	G	C:0.0887:(chr2:193462272-194510848:C,A,D); A:0.0887:(chr2:193462272-194510848:C,A,D); D:0.0887:(chr2:193462272-194510848:C,A,D)	chr2:194069726-194889724	.	.	.	.
chr2	194105692	194105693	T	C	A:0.1665:(chr2:193462272-194510848:C,A,D); C:0.1665:(chr2:193462272-194510848:C,A,D); D:0.0387:(chr2:193986560-195035136:D); D:0.1665:(chr2:193462272-194510848:C,A,D)	chr2:194069726-194889724	.	.	.	.
chr2	196525199	196525200	C	T	D:0.0109:(chr2:196083712-197132288:D)	chr2:196184724-196529724	SLC39A10	.	.	.
chr2	204937346	204937347	G	C	A:0.0405:(chr2:204472320-205520896:V,A); V:0.0405:(chr2:204472320-205520896:V,A)	chr2:204789723-205189723	ICOS	.	.	.
chr2	209785722	209785723	C	G	A:0.0741:(chr2:209190912-210239488:V,C,A); V:0.0048:(chr2:209715200-210763776:V,C); C:0.0048:(chr2:209715200-210763776:V,C); C:0.0741:(chr2:209190912-210239488:V,C,A); V:0.0741:(chr2:209190912-210239488:V,C,A)	chr2:209234725-210179724	PTH2R	.	.	.
chr2	209962077	209962078	C	A	V:0.0075:(chr2:209190912-210239488:V,C,A); C:0.0075:(chr2:209190912-210239488:V,C,A)	chr2:209234725-210179724	PTH2R	.	.	.
chr2	218764455	218764456	G	A	A:0.0068:(chr2:218103808-219152384:V,C,A,D); V:0.0068:(chr2:218103808-219152384:V,C,A,D); C:0.0068:(chr2:218103808-219152384:V,C,A,D)	chr2:218649723-218934723	RUFY4, TNS1	.	.	AF=0.0002,EAS_AF=0.001,AMR_AF=0,EUR_AF=0,SAS_AF=0,AFR_AF=0
chr2	218853431	218853432	G	A	D:0.0050:(chr2:218628096-219676672:D); D:0.0060:(chr2:218103808-219152384:V,C,A,D)	chr2:218649723-218934723	RUFY4, TNS1	.	.	AF=0.0002,EAS_AF=0,AMR_AF=0,EUR_AF=0.001,SAS_AF=0,AFR_AF=0
chr2	220863734	220863735	C	A	C:0.0158:(chr2:220725248-221773824:V,C); V:0.0158:(chr2:220725248-221773824:V,C); V:0.0058:(chr2:220200960-221249536:V,C); C:0.0058:(chr2:220200960-221249536:V,C)	chr2:220599722-220969721	.	.	.	AF=0.00779,EAS_AF=0.0099,AMR_AF=0.0418,EUR_AF=0,SAS_AF=0,AFR_AF=0
chr2	224644758	224644759	C	G	D:0.0077:(chr2:224395264-225443840:D); D:0.0413:(chr2:223870976-224919552:D)	chr2:224539717-224824717	WDFY1, AP1S3, MRPL44	.	.	.
chr20	6809650	6809651	C	A	D:0.0084:(chr20:6291456-7340032:D)	chr20:6735647-7905647	HAO1, BMP2	.	.	.
chr20	30924875	30924876	A	G	C:0.0122:(chr20:30408704-31457280:V,C,A); A:0.0122:(chr20:30408704-31457280:V,C,A); V:0.0122:(chr20:30408704-31457280:V,C,A)	chr20:30697803-31072803	POFUT1, NOL4L, TM9SF4, ASXL1, KIF3B, PLAGL2	.	.	.
chr20	38514841	38514842	G	C	D:0.0051:(chr20:37748736-38797312:D)	chr20:37678643-38518642	.	.	.	.
chr20	40200845	40200846	G	C	C:0.0204:(chr20:39321600-40370176:V,C,A); V:0.0204:(chr20:39321600-40370176:V,C,A); A:0.0204:(chr20:39321600-40370176:V,C,A)	chr20:39973640-40323639	LPIN3, EMILIN3, CHD6	EMILIN3:8.99e-08:Esophagus_Muscularis; CHD6:4.43e-09:Thyroid; CHD6:1.14e-08:Cells_Cultured_fibroblasts; EMILIN3:1.32e-07:Thyroid; PLCG1-AS1:1.76e-05:Heart_Left_Ventricle; EMILIN3:9.36e-06:Liver; EMILIN3:3.83e-05:Adipose_Visceral_Omentum; EMILIN3:4.34e-05:Artery_Tibial; EMILIN3:2.19e-07:Colon_Sigmoid; EMILIN3:1.53e-07:Esophagus_Gastroesophageal_Junction; EMILIN3:3.25e-05:Brain_Putamen_basal_ganglia; EMILIN3:2.04e-06:Cells_Cultured_fibroblasts; EMILIN3:1.55e-06:Esophagus_Mucosa; LPIN3:5.66e-06:Spleen; EMILIN3:1.86e-05:Colon_Transverse	.	AF=0.522,EAS_AF=0.475,AMR_AF=0.542,EUR_AF=0.763,SAS_AF=0.61,AFR_AF=0.296
chr20	43569394	43569395	T	C	D:0.0260:(chr20:42991616-44040192:D)	chr20:43513641-43733641	YWHAB, KCNS1, TOMM34, PABPC1L, STK4	.	.	.
chr20	58345463	58345464	T	C	C:0.0296:(chr20:57671680-58720256:V,C,A); A:0.0296:(chr20:57671680-58720256:V,C,A); V:0.0296:(chr20:57671680-58720256:V,C,A)	chr20:58110055-58515055	PPP1R3D, PHACTR3, SYCP2, FAM217B	PHACTR3:4.25e-05:Heart_Left_Ventricle	.	AF=0.0124,EAS_AF=0,AMR_AF=0.0317,EUR_AF=0.0378,SAS_AF=0.002,AFR_AF=0
chr21	25111643	25111644	A	G	V:0.0956:(chr21:24641536-25690112:V,A); A:0.0956:(chr21:24641536-25690112:V,A)	chr21:24177321-25517314	.	.	.	.
chr21	26132143	26132144	A	T	C:0.0190:(chr21:25690112-26738688:V,C,A); A:0.0190:(chr21:25690112-26738688:V,C,A); V:0.0190:(chr21:25690112-26738688:V,C,A)	chr21:25522314-26637314	.	.	.	.
chr21	29175380	29175381	A	T	C:0.0111:(chr21:28835840-29884416:C)	chr21:29077319-29422319	.	.	.	.
chr21	46969998	46969999	G	T	A:0.0011:(chr21:46661632-47710208:A)	.	.	.	.	.
chr22	30021754	30021755	G	T	D:0.0749:(chr22:29360128-30408704:D); D:0.0165:(chr22:29884416-30932992:D)	chr22:29950989-30485989	HORMAD2, MTMR3, ASCC2, NF2, NIPSNAP1, ZMAT5, CABP7, UQCR10	.	.	.
chr22	31952809	31952810	G	A	A:0.0170:(chr22:31457280-32505856:V,C,A); V:0.0170:(chr22:31457280-32505856:V,C,A); C:0.0170:(chr22:31457280-32505856:V,C,A)	chr22:31890986-32050986	PISD, SFI1	SFI1:0.00015:Muscle_Skeletal; SFI1:4.17e-06:Cells_Cultured_fibroblasts; PATZ1:6.12e-06:Brain_Substantia_nigra	.	AF=0.00819,EAS_AF=0.001,AMR_AF=0.0115,EUR_AF=0.0169,SAS_AF=0.0112,AFR_AF=0.003
chr22	37595664	37595665	C	G	V:0.0127:(chr22:36700160-37748736:V,C,A); V:0.0182:(chr22:37224448-38273024:V,C,A); A:0.0182:(chr22:37224448-38273024:V,C,A); C:0.0182:(chr22:37224448-38273024:V,C,A); C:0.0127:(chr22:36700160-37748736:V,C,A); A:0.0127:(chr22:36700160-37748736:V,C,A)	chr22:37446040-37711041	CYTH4, C1QTNF6, RAC2, IL2RB, KCTD17, SSTR3, TMPRSS6	.	.	AF=0.0002,EAS_AF=0,AMR_AF=0,EUR_AF=0.001,SAS_AF=0,AFR_AF=0
chr3	5772986	5772987	T	C	D:0.0365:(chr3:5242880-6291456:D)	chr3:5271685-6476687	.	.	.	.
chr3	16918152	16918153	G	C	V:0.0091:(chr3:16252928-17301504:V)	chr3:16646507-17291492	TBC1D5, DAZL, PLCL2	.	.	AF=0.0312,EAS_AF=0.0258,AMR_AF=0.0879,EUR_AF=0.0358,SAS_AF=0.0307,AFR_AF=0.0023
chr3	22404653	22404654	C	A	A:0.0046:(chr3:22020096-23068672:A)	chr3:22176492-23196491	.	ZNF385D:2.16e-09:Testis	.	.
chr3	26479568	26479569	T	G	C:0.0271:(chr3:26214400-27262976:C); C:0.0288:(chr3:25690112-26738688:C)	chr3:25906491-27146491	LRRC3B	.	.	.
chr3	52462732	52462733	G	A	A:0.0199:(chr3:51904512-52953088:A)	chr3:52449016-52569016	NISCH, STAB1, SEMA3G, TNNC1, NT5DC2, PHF7	.	.	.
chr3	52462733	52462734	C	A	A:0.0169:(chr3:51904512-52953088:A)	chr3:52449016-52569016	NISCH, STAB1, SEMA3G, TNNC1, NT5DC2, PHF7	.	.	.
chr3	71301374	71301375	T	A	D:0.0085:(chr3:70778880-71827456:D)	chr3:71029151-71634151	FOXP1	.	.	.
chr3	73150408	73150409	G	C	D:0.0266:(chr3:72351744-73400320:D); D:0.0197:(chr3:72876032-73924608:D)	chr3:73144151-73554151	PDZRN3	.	.	.
chr3	79895890	79895891	A	T	C:0.0548:(chr3:79691776-80740352:C); C:0.0102:(chr3:79167488-80216064:C)	chr3:79574150-81449151	ROBO1	.	.	.
chr3	81959602	81959603	G	A	C:0.1397:(chr3:81264640-82313216:V,C); C:0.1277:(chr3:81788928-82837504:V,C); V:0.1277:(chr3:81788928-82837504:V,C); V:0.1397:(chr3:81264640-82313216:V,C)	chr3:81819151-82439151	.	.	.	.
chr3	107513661	107513662	G	A	A:0.0134:(chr3:106954752-108003328:A)	chr3:107148847-107648847	BBX	.	.	.
chr3	120533518	120533519	G	A	A:0.0052:(chr3:120061952-121110528:V,C,A); C:0.0052:(chr3:120061952-121110528:V,C,A); V:0.0052:(chr3:120061952-121110528:V,C,A)	chr3:120518847-121263847	POLQ, STXBP5L	RABL3:1.25e-07:Artery_Tibial; STXBP5L:7.31e-05:Thyroid; RABL3:0.000335:Skin_Sun_Exposed_Lower_leg; RABL3:8.97e-07:Skin_Not_Sun_Exposed_Suprapubic	.	AF=0.0208,EAS_AF=0,AMR_AF=0.0476,EUR_AF=0.0417,SAS_AF=0.0276,AFR_AF=0.0015
chr3	121574602	121574603	G	C	D:0.1995:(chr3:121110528-122159104:D)	chr3:121563847-121808847	ILDR1, CD86, SLC15A2, EAF2	.	.	.
chr3	136110643	136110644	C	T	D:0.0686:(chr3:135790592-136839168:D); D:0.0349:(chr3:135266304-136314880:D)	chr3:136028842-136468842	STAG1, PCCB	.	.	.
chr3	139437474	139437475	G	C	C:0.0071:(chr3:138936320-139984896:C)	chr3:139113842-140603842	NMNAT3, TRIM42, CLSTN2, RBP1, RBP2	.	.	.
chr3	141280464	141280465	A	G	C:0.0078:(chr3:140509184-141557760:C); C:0.0106:(chr3:141033472-142082048:C)	chr3:141178842-141288842	RASA2	.	.	.
chr3	142547717	142547718	A	T	D:0.0207:(chr3:142082048-143130624:D)	.	.	.	.	.
chr3	170820722	170820723	T	G	D:0.0142:(chr3:170393600-171442176:D); D:0.0130:(chr3:169869312-170917888:D)	chr3:170772789-170902789	TNIK	.	.	.
chr3	182803607	182803608	G	C	D:0.0232:(chr3:182452224-183500800:D)	chr3:182397788-182817788	ATP11B, MCCC1, DCUN1D1	.	.	.
chr3	190161214	190161215	C	T	A:0.0199:(chr3:189792256-190840832:V,C,A,D); D:0.0104:(chr3:189267968-190316544:V,C,A,D); C:0.0104:(chr3:189267968-190316544:V,C,A,D); C:0.0199:(chr3:189792256-190840832:V,C,A,D); D:0.0199:(chr3:189792256-190840832:V,C,A,D); V:0.0104:(chr3:189267968-190316544:V,C,A,D); V:0.0199:(chr3:189792256-190840832:V,C,A,D); A:0.0104:(chr3:189267968-190316544:V,C,A,D)	.	.	.	.	AF=0.0264,EAS_AF=0.0119,AMR_AF=0.0331,EUR_AF=0.0388,SAS_AF=0.0583,AFR_AF=0.0008
chr4	34424282	34424283	G	A	A:0.0053:(chr4:33554432-34603008:A); A:0.0048:(chr4:34078720-35127296:A)	chr4:33646622-34766622	.	.	.	.
chr4	63510327	63510328	G	T	D:0.0081:(chr4:62914560-63963136:D)	chr4:63300718-63800718	.	.	.	.
chr4	84828055	84828056	T	C	V:0.0287:(chr4:84410368-85458944:V)	chr4:84566153-84886153	.	.	.	.
chr4	103220979	103220980	C	T	D:0.0172:(chr4:102760448-103809024:D); D:0.0090:(chr4:102236160-103284736:D)	chr4:102676157-103351157	SLC39A8, BANK1	.	.	.
chr4	118692969	118692970	A	C	V:0.0080:(chr4:118489088-119537664:V,C,A,D); C:0.0080:(chr4:118489088-119537664:V,C,A,D); A:0.1173:(chr4:117964800-119013376:V,C,A,D); C:0.1173:(chr4:117964800-119013376:V,C,A,D); D:0.0080:(chr4:118489088-119537664:V,C,A,D); D:0.1173:(chr4:117964800-119013376:V,C,A,D); A:0.0080:(chr4:118489088-119537664:V,C,A,D); V:0.1173:(chr4:117964800-119013376:V,C,A,D)	chr4:117966156-119196155	NDST3, TRAM1L1	NDST3:4.45e-08:Nerve_Tibial	.	AF=0.418,EAS_AF=0.42,AMR_AF=0.455,EUR_AF=0.554,SAS_AF=0.604,AFR_AF=0.157
chr4	131257944	131257945	C	A	D:0.0179:(chr4:130547712-131596288:D); D:0.0232:(chr4:131072000-132120576:D)	chr4:130276155-131261155	.	.	chr4:130544530-131564821:non-African:BC035172 ; BC041448	.
chr4	137447571	137447572	T	C	C:0.1955:(chr4:136839168-137887744:C)	chr4:137031155-137816154	.	.	.	.
chr4	154759948	154759949	T	G	C:0.0003:(chr4:154664960-155713536:C); C:0.0002:(chr4:154140672-155189248:C)	chr4:154711152-155251152	DCHS2	RNF175:1.01e-08:Skin_Not_Sun_Exposed_Suprapubic; RNF175:4.22e-13:Cells_Cultured_fibroblasts; TLR2:2.3e-05:Muscle_Skeletal; TLR2:9.32e-09:Skin_Not_Sun_Exposed_Suprapubic; RNF175:1.57e-10:Esophagus_Muscularis; RNF175:5.53e-06:Artery_Tibial; SFRP2:4.23e-05:Esophagus_Muscularis; TLR2:6.83e-06:Skin_Sun_Exposed_Lower_leg; RNF175:1.02e-06:Esophagus_Gastroesophageal_Junction; ENSG00000249309:9.44e-07:Testis; TLR2:1.45e-06:Artery_Aorta; TLR2:2.55e-18:Cells_Cultured_fibroblasts; TLR2:5.86e-05:Artery_Tibial	.	AF=0.522,EAS_AF=0.788,AMR_AF=0.398,EUR_AF=0.503,SAS_AF=0.441,AFR_AF=0.459
chr4	166277286	166277287	G	A	V:0.0163:(chr4:165675008-166723584:V,C,A); C:0.0163:(chr4:165675008-166723584:V,C,A); A:0.0163:(chr4:165675008-166723584:V,C,A)	chr4:166276152-166406152	CPE	CPE:7.28e-05:Adipose_Visceral_Omentum; CPE:1.66e-05:Prostate; CPE:1.44e-05:Artery_Aorta	.	AF=0.0288,EAS_AF=0.0129,AMR_AF=0.0216,EUR_AF=0.0696,SAS_AF=0.045,AFR_AF=0.0015
chr4	173551594	173551595	C	T	C:0.0141:(chr4:173015040-174063616:V,C,A,D); A:0.0141:(chr4:173015040-174063616:V,C,A,D); D:0.0141:(chr4:173015040-174063616:V,C,A,D); V:0.0141:(chr4:173015040-174063616:V,C,A,D)	chr4:173126151-173751151	GALNTL6	.	.	AF=0.00399,EAS_AF=0.001,AMR_AF=0,EUR_AF=0,SAS_AF=0.0194,AFR_AF=0
chr4	177711223	177711224	A	G	C:0.0927:(chr4:177209344-178257920:V,C); V:0.0926:(chr4:177209344-178257920:V,C)	chr4:177701154-177966154	VEGFC	.	.	.
chr5	3024502	3024503	G	A	A:0.0037:(chr5:2097152-3145728:A); V:0.0122:(chr5:2621440-3670016:V,C); C:0.0122:(chr5:2621440-3670016:V,C)	chr5:2760114-4865113	IRX1	.	.	AF=0.0002,EAS_AF=0,AMR_AF=0,EUR_AF=0,SAS_AF=0.001,AFR_AF=0
chr5	3578922	3578923	T	C	V:0.0077:(chr5:2621440-3670016:V,C); C:0.0077:(chr5:2621440-3670016:V,C)	chr5:2760114-4865113	IRX1	.	.	AF=0.0172,EAS_AF=0,AMR_AF=0.0202,EUR_AF=0.0666,SAS_AF=0.002,AFR_AF=0.0023
chr5	4880003	4880004	G	A	C:0.0086:(chr5:4718592-5767168:V,C); V:0.0111:(chr5:4194304-5242880:V,C); V:0.0086:(chr5:4718592-5767168:V,C); C:0.0111:(chr5:4194304-5242880:V,C)	chr5:4870113-5130113	.	.	.	AF=0.0298,EAS_AF=0,AMR_AF=0.0562,EUR_AF=0.0716,SAS_AF=0.0337,AFR_AF=0.0038
chr5	20203646	20203647	A	G	C:0.0409:(chr5:19922944-20971520:C)	chr5:19770109-20250109	CDH18	.	.	.
chr5	24445644	24445645	A	C	C:0.2903:(chr5:24117248-25165824:V,C,A); V:0.2903:(chr5:24117248-25165824:V,C,A); A:0.2903:(chr5:24117248-25165824:V,C,A); V:0.3866:(chr5:23592960-24641536:V,C,A); A:0.3866:(chr5:23592960-24641536:V,C,A); C:0.3866:(chr5:23592960-24641536:V,C,A)	chr5:24100109-24655109	CDH10	.	.	AF=0.0018,EAS_AF=0,AMR_AF=0.0101,EUR_AF=0.002,SAS_AF=0,AFR_AF=0
chr5	60623795	60623796	G	C	D:0.0063:(chr5:60293120-61341696:D)	chr5:60460827-60625827	.	.	.	.
chr5	73944802	73944803	C	T	A:0.0073:(chr5:73400320-74448896:A)	.	.	.	.	.
chr5	84263178	84263179	G	A	A:0.0120:(chr5:83886080-84934656:V,C,A); V:0.0120:(chr5:83886080-84934656:V,C,A); C:0.0120:(chr5:83886080-84934656:V,C,A)	chr5:82870819-84675818	EDIL3, HAPLN1, VCAN	.	.	.
chr5	94166442	94166443	C	T	A:0.0094:(chr5:93323264-94371840:A)	chr5:94080705-94295704	MCTP1	RPL7P18:1.2e-16:Brain_Cerebellar_Hemisphere; RPL7P18:4.31e-15:Brain_Nucleus_accumbens_basal_ganglia; RPL7P18:2.55e-06:Artery_Coronary; RPL7P18:1.5e-07:Skin_Not_Sun_Exposed_Suprapubic; RPL7P18:2.65e-09:Spleen; RPL7P18:5.26e-08:Skin_Sun_Exposed_Lower_leg; RPL7P18:1.36e-11:Brain_Frontal_Cortex_BA9; RPL7P18:1.72e-07:Brain_Anterior_cingulate_cortex_BA24; RPL7P18:3.91e-11:Brain_Hippocampus; RPL7P18:8.23e-08:Esophagus_Gastroesophageal_Junction; RPL7P18:1.32e-06:Adipose_Visceral_Omentum; RPL7P18:1.41e-13:Brain_Caudate_basal_ganglia; RPL7P18:2.19e-09:Brain_Cortex; RPL7P18:4.2e-08:Lung; RPL7P18:9.12e-10:Adipose_Subcutaneous; RPL7P18:2.9e-11:Brain_Putamen_basal_ganglia; RPL7P18:4.84e-05:Nerve_Tibial; RPL7P18:1.78e-07:Brain_Cerebellum; RPL7P18:9.11e-09:Brain_Hypothalamus	.	.
chr5	95672332	95672333	C	A	D:0.0007:(chr5:95420416-96468992:D); D:0.0005:(chr5:94896128-95944704:D)	chr5:95190704-95675704	ELL2	.	.	.
chr5	102544475	102544476	T	C	C:0.0095:(chr5:101711872-102760448:V,C,A); V:0.0117:(chr5:102236160-103284736:V,C,A); A:0.0117:(chr5:102236160-103284736:V,C,A); V:0.0095:(chr5:101711872-102760448:V,C,A); A:0.0095:(chr5:101711872-102760448:V,C,A); C:0.0117:(chr5:102236160-103284736:V,C,A)	chr5:102460704-102590701	PPIP5K2	SLCO4C1:1.66e-06:Colon_Transverse; PPIP5K2:8.3e-05:Nerve_Tibial	.	AF=0.00539,EAS_AF=0,AMR_AF=0,EUR_AF=0.008,SAS_AF=0.001,AFR_AF=0.0136
chr5	104072355	104072356	T	C	C:0.0418:(chr5:103809024-104857600:C)	chr5:103120701-104535701	.	.	.	.
chr5	106907885	106907886	A	G	V:0.0089:(chr5:106430464-107479040:V,C,A); C:0.0089:(chr5:106430464-107479040:V,C,A); A:0.0089:(chr5:106430464-107479040:V,C,A)	chr5:106590701-107015701	EFNA5	.	.	.
chr5	130445861	130445862	C	T	D:0.0260:(chr5:130023424-131072000:D); D:0.0999:(chr5:129499136-130547712:D)	chr5:129105693-130495693	HINT1, CHSY3	.	.	.
chr5	137158040	137158041	G	C	D:0.0078:(chr5:136314880-137363456:D)	chr5:137090689-137365689	FAM13B, PKD2L2, MYOT	.	.	.
chr6	28652182	28652183	T	C	C:0.0426:(chr6:27787264-28835840:V,C); C:0.0403:(chr6:28311552-29360128:V,C); V:0.0426:(chr6:27787264-28835840:V,C); V:0.0403:(chr6:28311552-29360128:V,C)	chr6:28362777-28652777	ZBED9, GPX5, ZSCAN12, GPX6, ZSCAN23	ZNF602P:7.74e-05:Thyroid; ENSG00000244349:0.000133:Cells_Cultured_fibroblasts; ZSCAN23:0.000642:Esophagus_Mucosa; HCG15:7.95e-06:Adipose_Visceral_Omentum; ZSCAN23:0.000261:Adipose_Subcutaneous; ZNF602P:0.000127:Small_Intestine_Terminal_Ileum; ZSCAN23:0.000183:Heart_Atrial_Appendage	.	AF=0.00439,EAS_AF=0.003,AMR_AF=0.0086,EUR_AF=0.007,SAS_AF=0.0061,AFR_AF=0
chr6	48416995	48416996	C	T	V:0.0101:(chr6:47710208-48758784:V)	chr6:48017736-48732637	PTCHD4	.	.	AF=0.0014,EAS_AF=0,AMR_AF=0.0014,EUR_AF=0,SAS_AF=0.0061,AFR_AF=0
chr6	52128713	52128714	G	A	D:0.0062:(chr6:51904512-52953088:D); D:0.0095:(chr6:51380224-52428800:D)	.	.	.	.	.
chr6	57133057	57133058	C	T	A:0.0875:(chr6:56623104-57671680:V,C,A); C:0.0876:(chr6:56623104-57671680:V,C,A); V:0.0875:(chr6:56623104-57671680:V,C,A)	chr6:57044798-57184798	RAB23, BAG2, PRIM2	.	.	.
chr6	65736434	65736435	T	C	A:0.0086:(chr6:65536000-66584576:V,C,A); V:0.0248:(chr6:65011712-66060288:V,C,A,D); C:0.0248:(chr6:65011712-66060288:V,C,A,D); A:0.0248:(chr6:65011712-66060288:V,C,A,D); D:0.0248:(chr6:65011712-66060288:V,C,A,D); C:0.0086:(chr6:65536000-66584576:V,C,A); V:0.0086:(chr6:65536000-66584576:V,C,A)	chr6:65469893-66589893	LOC441155, EYS	.	.	AF=0.0739,EAS_AF=0.158,AMR_AF=0.0865,EUR_AF=0.0855,SAS_AF=0.0613,AFR_AF=0.0038
chr6	65849581	65849582	G	A	C:0.0072:(chr6:65536000-66584576:V,C,A); V:0.0072:(chr6:65536000-66584576:V,C,A); A:0.0072:(chr6:65536000-66584576:V,C,A)	chr6:65469893-66589893	LOC441155, EYS	.	.	AF=0.0403,EAS_AF=0.0268,AMR_AF=0.0259,EUR_AF=0.0835,SAS_AF=0.0695,AFR_AF=0.0038
chr6	69777960	69777961	T	G	A:0.0252:(chr6:69206016-70254592:V,A); V:0.0252:(chr6:69206016-70254592:V,A)	chr6:69044892-70504892	LMBRD1, ADGRB3	.	.	.
chr6	75609253	75609254	C	T	D:0.0623:(chr6:74973184-76021760:D)	chr6:75119716-75789716	.	.	chr6:75178778-75611224:African-European:AF086303	.
chr6	100270788	100270789	G	A	V:0.0066:(chr6:99614720-100663296:V,C); C:0.0066:(chr6:99614720-100663296:V,C)	chr6:100022876-100297876	PRDM13	.	.	AF=0.0102,EAS_AF=0.0476,AMR_AF=0,EUR_AF=0,SAS_AF=0.0031,AFR_AF=0
chr6	108848062	108848063	G	A	A:0.0059:(chr6:108527616-109576192:A)	chr6:108401204-108856203	NR2E1, SNX3, LACE1	SNX3:3.67e-06:Nerve_Tibial; AFG1L:1.19e-05:Brain_Nucleus_accumbens_basal_ganglia; CCDC162P:5.57e-05:Skin_Not_Sun_Exposed_Suprapubic	.	AF=0.0194,EAS_AF=0,AMR_AF=0.036,EUR_AF=0.0328,SAS_AF=0.0378,AFR_AF=0.0015
chr6	117680668	117680669	T	C	D:0.0095:(chr6:116916224-117964800:D)	chr6:117671163-117926163	ROS1, DCBLD1, GOPC	.	.	.
chr6	124036598	124036599	C	G	D:0.0580:(chr6:123207680-124256256:D); D:0.0936:(chr6:123731968-124780544:D)	chr6:123671145-124096145	TRDN	.	chr6:123980324-124110498:African-European:.	.
chr6	129691747	129691748	G	C	C:0.0089:(chr6:128974848-130023424:C)	chr6:129571145-129696145	LAMA2	.	.	.
chr6	133506116	133506117	A	G	V:0.0026:(chr6:132644864-133693440:V,C,A); A:0.0026:(chr6:132644864-133693440:V,C,A); C:0.0026:(chr6:132644864-133693440:V,C,A)	chr6:133146139-133876138	EYA4	EYA4:6.84e-05:Brain_Cortex; EYA4:4.56e-05:Nerve_Tibial; EYA4:6.51e-08:Heart_Atrial_Appendage; EYA4:3e-06:Heart_Left_Ventricle; EYA4:2.06e-08:Esophagus_Muscularis; EYA4:7.79e-09:Brain_Spinal_cord_cervical_c-1	.	AF=0.107,EAS_AF=0.178,AMR_AF=0.115,EUR_AF=0.18,SAS_AF=0.089,AFR_AF=0.0068
chr6	167403311	167403312	A	C	A:0.0164:(chr6:166723584-167772160:A)	chr6:167198488-167463488	RPS6KA2, FGFR1OP, RNASET2	.	.	.
chr7	3937270	3937271	A	G	A:0.0617:(chr7:3670016-4718592:V,C,A); C:0.0616:(chr7:3670016-4718592:V,C,A); V:0.0617:(chr7:3670016-4718592:V,C,A)	chr7:2909634-4644631	SDK1, CARD11	.	.	AF=0.00879,EAS_AF=0.002,AMR_AF=0.0029,EUR_AF=0.002,SAS_AF=0.0358,AFR_AF=0.0023
chr7	9131124	9131125	C	G	D:0.0652:(chr7:8388608-9437184:D); D:0.0708:(chr7:8912896-9961472:D)	chr7:8349630-9789629	NXPH1	.	.	.
chr7	16958108	16958109	G	A	A:0.0050:(chr7:16252928-17301504:A)	chr7:16619625-16959624	AGR2, BZW2, TSPAN13, LRRC72, AGR3, ANKMY2	.	.	AF=0.00399,EAS_AF=0,AMR_AF=0,EUR_AF=0,SAS_AF=0,AFR_AF=0.0151
chr7	23312851	23312852	A	C	D:0.0090:(chr7:23068672-24117248:V,C,A,D); V:0.0090:(chr7:23068672-24117248:V,C,A,D); C:0.0090:(chr7:23068672-24117248:V,C,A,D); C:0.0142:(chr7:22544384-23592960:V,C,A,D); D:0.0142:(chr7:22544384-23592960:V,C,A,D); A:0.0142:(chr7:22544384-23592960:V,C,A,D); V:0.0142:(chr7:22544384-23592960:V,C,A,D); A:0.0090:(chr7:23068672-24117248:V,C,A,D)	.	.	.	.	AF=0.000399,EAS_AF=0.001,AMR_AF=0,EUR_AF=0,SAS_AF=0,AFR_AF=0.0008
chr7	23586799	23586800	G	A	C:0.0265:(chr7:23068672-24117248:V,C,A,D); V:0.0265:(chr7:23068672-24117248:V,C,A,D); A:0.0265:(chr7:23068672-24117248:V,C,A,D); D:0.0265:(chr7:23068672-24117248:V,C,A,D)	chr7:23584619-23754619	FAM221A, STK31, CCDC126	.	.	.
chr7	40644617	40644618	T	C	D:0.0291:(chr7:40370176-41418752:A,D); D:0.0110:(chr7:39845888-40894464:D)	chr7:40369599-40794599	SUGCT	.	.	.
chr7	41272111	41272112	C	T	A:0.0889:(chr7:40370176-41418752:A,D); A:0.0542:(chr7:40894464-41943040:A)	chr7:41069598-41739598	INHBA	.	.	AF=0.00799,EAS_AF=0,AMR_AF=0.0159,EUR_AF=0.0169,SAS_AF=0.0112,AFR_AF=0.0008
chr7	46169620	46169621	G	A	V:0.0098:(chr7:45613056-46661632:V,C,A); A:0.0098:(chr7:45613056-46661632:V,C,A); C:0.0098:(chr7:45613056-46661632:V,C,A)	chr7:45964599-46179598	.	IGFBP3:0.000143:Artery_Tibial; TTC4P1:4.24e-05:Muscle_Skeletal; FTLP15:8.63e-05:Muscle_Skeletal	.	AF=0.0998,EAS_AF=0.0228,AMR_AF=0.278,EUR_AF=0.162,SAS_AF=0.113,AFR_AF=0.0083
chr7	54545004	54545005	A	G	D:0.0423:(chr7:54001664-55050240:D)	chr7:54052693-54822693	SEC61G, VSTM2A	.	.	AF=0.0026,EAS_AF=0,AMR_AF=0.0014,EUR_AF=0,SAS_AF=0,AFR_AF=0.0091
chr7	62476204	62476205	C	T	A:0.0659:(chr7:62390272-63438848:V,A,D); D:0.0659:(chr7:62390272-63438848:V,A,D); V:0.0659:(chr7:62390272-63438848:V,A,D)	.	.	.	.	.
chr7	87315103	87315104	G	A	D:0.0119:(chr7:86507520-87556096:D); D:0.0084:(chr7:87031808-88080384:D)	chr7:87054316-87389316	ABCB1, RUNDC3B, ABCB4	.	.	.
chr7	97194607	97194608	A	C	A:0.0197:(chr7:96993280-98041856:A); A:0.0502:(chr7:96468992-97517568:A)	chr7:96709312-97464312	SDHAF3, TAC1	.	.	AF=0.00659,EAS_AF=0,AMR_AF=0,EUR_AF=0.002,SAS_AF=0.0317,AFR_AF=0
chr7	132474395	132474396	G	C	A:0.0069:(chr7:131596288-132644864:V,C,A); V:0.0069:(chr7:131596288-132644864:V,C,A); C:0.0069:(chr7:131596288-132644864:V,C,A)	chr7:132264759-132769760	CHCHD3	.	.	.
chr7	152890330	152890331	G	A	D:0.0085:(chr7:152043520-153092096:D); D:0.0729:(chr7:152567808-153616384:D)	chr7:152537085-153432085	ACTR3B	.	.	AF=0.000399,EAS_AF=0,AMR_AF=0,EUR_AF=0,SAS_AF=0.002,AFR_AF=0
chr7	158456209	158456210	A	C	A:0.0221:(chr7:157810688-158859264:A)	chr7:158392692-158772691	WDR60, ESYT2, NCAPG2	.	.	AF=0.0236,EAS_AF=0.106,AMR_AF=0,EUR_AF=0,SAS_AF=0.0112,AFR_AF=0
chr8	21033732	21033733	G	A	D:0.0154:(chr8:20447232-21495808:D)	chr8:20237511-21762511	GFRA2	.	.	.
chr8	50538370	50538371	A	C	C:0.0206:(chr8:49807360-50855936:V,C,A); A:0.0206:(chr8:49807360-50855936:V,C,A); V:0.0206:(chr8:49807360-50855936:V,C,A)	chr8:50272559-50962560	SNTG1	.	.	.
chr8	63160147	63160148	G	C	D:0.0097:(chr8:62390272-63438848:D); D:0.0129:(chr8:62914560-63963136:D)	chr8:62727559-63227559	NKAIN3	.	.	.
chr8	72930959	72930960	C	G	D:0.0153:(chr8:72351744-73400320:D)	chr8:72927235-73067235	TRPA1	.	.	.
chr8	81613408	81613409	C	G	D:0.0136:(chr8:81264640-82313216:D); D:0.0073:(chr8:80740352-81788928:D)	chr8:81157235-81902235	ZBTB10, PAG1, ZNF704	.	.	.
chr8	97703064	97703065	A	C	V:0.0079:(chr8:97517568-98566144:V,C,A)	chr8:97507228-98187228	SDC2, CPQ	.	.	.
chr8	97854737	97854738	A	C	V:0.0112:(chr8:97517568-98566144:V,C,A); A:0.0112:(chr8:97517568-98566144:V,C,A); C:0.0112:(chr8:97517568-98566144:V,C,A)	chr8:97507228-98187228	SDC2, CPQ	.	.	AF=0.0018,EAS_AF=0.001,AMR_AF=0.0101,EUR_AF=0,SAS_AF=0.001,AFR_AF=0
chr8	100104716	100104717	G	A	A:0.0127:(chr8:99614720-100663296:V,C,A); C:0.0127:(chr8:99614720-100663296:V,C,A); V:0.0127:(chr8:99614720-100663296:V,C,A)	chr8:99957228-100392228	OSR2, VPS13B	.	.	.
chr8	119756025	119756026	T	C	A:0.0075:(chr8:119013376-120061952:V,C,A); V:0.0075:(chr8:119013376-120061952:V,C,A); C:0.0075:(chr8:119013376-120061952:V,C,A)	.	.	.	.	.
chr8	124172850	124172851	A	G	V:0.0106:(chr8:123731968-124780544:V)	chr8:124172240-124282240	ZHX1-C8orf76, FAM83A, C8orf76, ZHX1	.	.	.
chr8	143716207	143716208	A	G	C:0.0165:(chr8:143130624-144179200:C)	chr8:143531361-143821418	PSCA, THEM6, ARC, LY6K, ADGRB1, JRK	.	.	.
chr9	4797554	4797555	G	C	D:0.0077:(chr9:4718592-5767168:D); D:0.0159:(chr9:4194304-5242880:D)	chr9:4750000-4985000	RCL1	.	.	AF=0.000599,EAS_AF=0,AMR_AF=0,EUR_AF=0,SAS_AF=0.0031,AFR_AF=0
chr9	27276621	27276622	G	A	D:0.0173:(chr9:26738688-27787264:D)	chr9:27024998-27294998	TEK, IFT74, EQTN	.	.	.
chr9	30641854	30641855	A	G	A:0.0181:(chr9:29884416-30932992:A)	chr9:30534998-31039998	.	.	.	AF=0.0272,EAS_AF=0.0268,AMR_AF=0.0447,EUR_AF=0.001,SAS_AF=0.0777,AFR_AF=0.0008
chr9	84129522	84129523	T	G	D:0.0188:(chr9:83361792-84410368:D); D:0.0367:(chr9:83886080-84934656:D)	chr9:84114915-84299915	TLE1	.	.	AF=0.002,EAS_AF=0,AMR_AF=0,EUR_AF=0,SAS_AF=0.0102,AFR_AF=0
chr9	131124594	131124595	G	C	A:0.0141:(chr9:130547712-131596288:A)	chr9:130892279-131187279	TRUB2, SWI5, C9orf16, GOLGA2, CIZ1, COQ4, URM1, CERCAM, DNM1, SLC27A4, LCN2	.	.	.
chrX	6434922	6434923	A	G	D:0.0270:(chrX:5767168-6815744:D)	chrX:6293041-6703041	VCX3A	.	.	.
chrX	11869130	11869131	T	C	C:0.0089:(chrX:11534336-12582912:V,C,A,D); C:0.0069:(chrX:11010048-12058624:V,C,D); D:0.0069:(chrX:11010048-12058624:V,C,D); V:0.0069:(chrX:11010048-12058624:V,C,D); D:0.0089:(chrX:11534336-12582912:V,C,A,D); V:0.0089:(chrX:11534336-12582912:V,C,A,D); A:0.0089:(chrX:11534336-12582912:V,C,A,D)	chrX:11803119-12088119	.	.	.	.
chrX	29948666	29948667	G	A	C:0.0238:(chrX:29360128-30408704:C,A); A:0.0238:(chrX:29360128-30408704:C,A)	chrX:29928117-30238117	IL1RAPL1, MAGEB2	.	.	.
chrX	47714079	47714080	A	G	A:0.0098:(chrX:47185920-48234496:V,C,A); V:0.0098:(chrX:47185920-48234496:V,C,A); C:0.0098:(chrX:47185920-48234496:V,C,A)	chrX:47699399-47884394	SPACA5, ZNF182, ZNF81	.	.	.
chrX	72509053	72509054	C	T	V:0.0110:(chrX:72351744-73400320:V,C); V:0.0097:(chrX:71827456-72876032:V,C); C:0.0110:(chrX:72351744-73400320:V,C); C:0.0097:(chrX:71827456-72876032:V,C)	chrX:72469836-72774836	CDX4	.	.	.
chrX	96281570	96281571	G	A	D:0.0460:(chrX:95420416-96468992:D); D:0.1267:(chrX:95944704-96993280:D)	chrX:96244999-96939999	DIAPH2	.	.	.
chrX	116655561	116655562	C	A	D:0.0856:(chrX:115867648-116916224:D); D:0.0596:(chrX:116391936-117440512:D)	chrX:116343963-116718963	.	.	.	.
