chr1	156326908	G	A	0.994981144472786
chr1	156326908	G	A	0.9972604591253791
chr1	212988540	G	C	0.9804516441060032
chr1	212988540	G	C	0.9809358035808321
chr1	67391003	C	G	0.996488252283073
chr1	74305804	G	A	0.9720542763260602
chr1	99119825	G	T	0.9923156874092223
chr10	62724108	T	C	0.979756377950891
chr10	87430344	T	C	0.978556559357059
chr11	116147489	T	A	0.8542124098998868
chr11	116147489	T	A	0.9675250496691691
chr11	18137235	G	A	0.9719050983351047
chr11	18137235	G	A	0.9833852543684714
chr11	72953840	T	C	0.992316843417605
chr12	60392108	G	C	0.9874408149690383
chr13	108302640	G	A	0.9919424869043593
chr13	42185704	G	A	0.9942797307271428
chr13	93549283	G	A	0.9823129148610212
chr14	24950947	C	G	0.9910984368703586
chr14	40722210	C	T	0.7131756220223798
chr14	40722210	C	T	0.97619142459286
chr14	70193856	G	T	0.9935696285853576
chr15	95120358	G	C	0.9638325089367219
chr16	24264613	C	T	0.9913905901432741
chr16	2480563	A	G	0.9895652025682484
chr16	28328571	G	A	0.9753402849965345
chr17	12246144	A	C	0.9934413941568933
chr17	59079828	T	A	0.9779058715437109
chr17	59079828	T	A	0.989371981444431
chr18	51225477	G	C	0.9682582881928437
chr18	71647745	G	T	0.9575560240205653
chr2	12559513	G	C	0.9817950037809615
chr2	148959134	C	T	0.9096665482774875
chr2	194105691	T	G	0.9112617157091482
chr2	194105693	T	C	0.8335168664507325
chr2	209785723	C	G	0.9258919574779553
chr2	209785723	C	G	0.9952468223833255
chr2	209962078	C	A	0.9925417563308055
chr2	218764456	G	A	0.9931665068820325
chr2	220863735	C	A	0.9842086215409214
chr2	220863735	C	A	0.9941749916265671
chr2	22202135	C	G	0.986643079638955
chr2	2660072	T	C	0.9990498611325164
chr2	40987398	C	T	0.994614087595761
chr2	7837986	A	G	0.9922799594219289
chr20	30924876	A	G	0.9878425536971189
chr20	40200846	G	C	0.9795953674592461
chr20	58345464	T	C	0.9703676563284133
chr21	26132144	A	T	0.9809669254879746
chr21	29175381	A	T	0.9888890195094627
chr22	31952810	G	A	0.9830227747380234
chr22	37595665	C	G	0.981810405505745
chr22	37595665	C	G	0.9873099261270604
chr3	120533519	G	A	0.9947841008044861
chr3	139437475	G	C	0.9928909742360553
chr3	141280465	A	G	0.989415078407902
chr3	141280465	A	G	0.9921987615836246
chr3	190161215	C	T	0.9801100967108843
chr3	190161215	C	T	0.989644222565117
chr3	26479569	T	G	0.9711548621670187
chr3	26479569	T	G	0.9728839238309558
chr3	79895891	A	T	0.945158905389597
chr3	79895891	A	T	0.9898043985665758
chr3	81959603	G	A	0.8603201049153014
chr3	81959603	G	A	0.8723138306463485
chr4	118692970	A	C	0.8827470143171774
chr4	118692970	A	C	0.9920140660935639
chr4	137447572	T	C	0.8045375964012691
chr4	154759949	T	G	0.9996607666030983
chr4	154759949	T	G	0.9997554663758118
chr4	166277287	G	A	0.9836844700647798
chr4	173551595	C	T	0.9858707881660417
chr4	177711224	A	G	0.9073372469084796
chr5	102544476	T	C	0.9882505201860488
chr5	102544476	T	C	0.990508717265294
chr5	104072356	T	C	0.9581721163711288
chr5	106907886	A	G	0.9911038641178669
chr5	20203647	A	G	0.9591284946383533
chr5	24445645	A	C	0.613387530562524
chr5	24445645	A	C	0.709684799525088
chr5	3024503	G	A	0.9878348577358657
chr5	3578923	T	C	0.9923400803780809
chr5	4880004	G	A	0.9888951006225989
chr5	4880004	G	A	0.9913503902071998
chr5	84263179	G	A	0.987956632880861
chr6	100270789	G	A	0.993394861538213
chr6	129691748	G	C	0.9910609061415853
chr6	133506117	A	G	0.9973824752928866
chr6	28652183	T	C	0.9573880695249493
chr6	28652183	T	C	0.9597136973277032
chr6	57133058	C	T	0.9124420316997383
chr6	65736435	T	C	0.9751904770502122
chr6	65736435	T	C	0.9914023391995683
chr6	65849582	G	A	0.9928040604306702
chr7	132474396	G	C	0.9931455374632364
chr7	23312852	A	C	0.9857578637978343
chr7	23312852	A	C	0.9909762034786612
chr7	23586800	G	A	0.9734555172592436
chr7	3937271	A	G	0.9383569855510233
chr7	46169621	G	A	0.9901655669085786
chr8	100104717	G	A	0.9872722231970507
chr8	119756026	T	C	0.9924890382367397
chr8	143716208	A	G	0.983471429693095
chr8	50538371	A	C	0.979438366191294
chr8	97854738	A	C	0.9887562244437272
chrX	11869131	T	C	0.9911355100329833
chrX	11869131	T	C	0.9930692857170245
chrX	29948667	G	A	0.9762198410949466
chrX	47714080	A	G	0.9901750102208849
chrX	72509054	C	T	0.9889703203443718
chrX	72509054	C	T	0.9902607813993102
