chr1	107518784	G	T	0.9256889383164454
chr1	150707572	G	T	0.9979103116625593
chr1	39081568	A	T	0.9872178240961081
chr1	57093416	C	T	0.99414433849908
chr1	67391003	C	G	0.996488252283073
chr1	67391003	C	G	0.9971408974034919
chr1	81831637	T	C	0.9927321613374913
chr1	81880300	C	G	0.9923419447017999
chr1	89920914	C	T	0.9786480280987759
chr10	129362386	C	T	0.9527650735248517
chr10	62724108	T	C	0.979756377950891
chr11	127228220	G	T	0.9853458885660921
chr11	127228220	G	T	0.9922557640312547
chr11	132811126	C	T	0.9769856780983555
chr11	18137235	G	A	0.9719050983351047
chr11	18137235	G	A	0.9833852543684714
chr11	23043040	C	T	0.9919433377393804
chr11	72953840	T	C	0.992316843417605
chr11	75918816	G	C	0.9696994329208165
chr12	113430836	G	T	0.9940796468681135
chr13	42185704	G	A	0.9942797488936953
chr14	45383038	C	T	0.9908823020877157
chr14	46147559	G	T	0.9805373181187934
chr14	46307980	G	A	0.9905235320808935
chr14	46311044	C	T	0.9931531050492873
chr14	81620154	A	C	0.9934961133663969
chr15	43733204	G	A	0.9688682283160253
chr15	43733204	G	A	0.9694094162552369
chr16	50248036	G	A	0.9761827982047089
chr16	55189920	G	A	0.9917716751801525
chr16	55746379	C	A	0.9226564849929512
chr16	55746379	C	A	0.9597677981518362
chr17	12377219	C	G	0.9863646640312973
chr19	6022476	G	A	0.9837114821600057
chr19	6022476	G	A	0.9855550024881101
chr2	140704472	C	T	0.9932495172208201
chr2	194105691	T	G	0.9112615473064066
chr2	194105693	T	C	0.8335168370142173
chr2	194105693	T	C	0.9613339792210895
chr2	196525200	C	T	0.9891451101337544
chr2	218853432	G	A	0.9939791025767759
chr2	218853432	G	A	0.9950336040387938
chr2	22202135	C	G	0.986643074350905
chr2	224644759	C	G	0.9587185277071619
chr2	224644759	C	G	0.9923429539619143
chr2	23127168	C	T	0.8889468447716096
chr2	41071710	A	C	0.9929883054443225
chr20	38514842	G	C	0.9948914352994451
chr20	43569395	T	C	0.974018037415661
chr20	6809651	C	A	0.9916149020190133
chr22	30021755	G	T	0.9250755246878728
chr22	30021755	G	T	0.9835161739158633
chr3	121574603	G	C	0.8005104397277178
chr3	136110644	C	T	0.9313767624037379
chr3	136110644	C	T	0.965126666722504
chr3	142547718	A	T	0.9793431498895105
chr3	170820723	T	G	0.9857551879283287
chr3	170820723	T	G	0.9869629548990587
chr3	182803608	G	C	0.9768422904078846
chr3	190161215	C	T	0.9801100967108843
chr3	190161215	C	T	0.989644222565117
chr3	5772987	T	C	0.963497820661864
chr3	71301375	T	A	0.9915209112146369
chr3	73150409	G	C	0.9733676559617456
chr3	73150409	G	C	0.9803316981887052
chr4	103220980	C	T	0.9827655150959396
chr4	103220980	C	T	0.9909567400688873
chr4	118692970	A	C	0.8827470143171774
chr4	118692970	A	C	0.9920140660935639
chr4	131257945	C	A	0.976784260142693
chr4	131257945	C	A	0.982133021689406
chr4	173551595	C	T	0.9858707503888867
chr4	63510328	G	T	0.9919410945087161
chr5	130445862	C	T	0.9000640325006537
chr5	130445862	C	T	0.9740092273236587
chr5	137158041	G	C	0.9922249521371248
chr5	60623796	G	C	0.9937210725108835
chr5	95672333	C	A	0.9992783634076049
chr5	95672333	C	A	0.9994588403215781
chr6	117680669	T	C	0.9905191120175683
chr6	124036599	C	G	0.9063788455861583
chr6	124036599	C	G	0.9420494239327012
chr6	52128714	G	A	0.990501813640959
chr6	52128714	G	A	0.9938085272865571
chr6	65736435	T	C	0.9751953243361435
chr6	75609254	C	T	0.9376696965037988
chr7	152890331	G	A	0.9270680604118734
chr7	152890331	G	A	0.991515059258357
chr7	23312852	A	C	0.9857578486217565
chr7	23312852	A	C	0.9909761780748585
chr7	23586800	G	A	0.9734552291494366
chr7	40644618	T	C	0.9709273417338337
chr7	40644618	T	C	0.988951749684438
chr7	54545005	A	G	0.9577290432804627
chr7	62476205	C	T	0.9340941058014196
chr7	87315104	G	A	0.9881229652678415
chr7	87315104	G	A	0.9916382844440474
chr7	9131125	C	G	0.9292265625381094
chr7	9131125	C	G	0.9347863603581164
chr8	21033733	G	A	0.9846041517038614
chr8	63160148	G	C	0.9871038682916249
chr8	63160148	G	C	0.9903152537301904
chr8	72930960	C	G	0.9846849895923087
chr8	81613409	C	G	0.9864285216573647
chr8	81613409	C	G	0.9926601214101975
chr9	27276622	G	A	0.9826958403995386
chr9	4797555	G	C	0.984081943472693
chr9	4797555	G	C	0.9923320272034618
chr9	84129523	T	G	0.9633431370078183
chr9	84129523	T	G	0.9812359502851653
chrX	116655562	C	A	0.9143801105697542
chrX	116655562	C	A	0.9403678715082475
chrX	11869131	T	C	0.991135498089191
chrX	11869131	T	C	0.9930692790994363
chrX	6434923	A	G	0.9729767211213469
chrX	96281571	G	A	0.8732643689046784
chrX	96281571	G	A	0.9540413692278794
