chr1	194308808	C	T	0.8452470076276966
chr1	212988540	G	C	0.9804516441060032
chr1	212988540	G	C	0.9809358035808321
chr1	234250528	G	C	0.9627632452358846
chr1	234250528	G	C	0.9925729100467374
chr1	67391003	C	G	0.996488252283073
chr1	74305804	G	A	0.9720542763260602
chr10	62724108	T	C	0.979756370329056
chr10	87430344	T	C	0.9785565543958222
chr11	10098603	C	T	0.9915526283769521
chr11	116147489	T	A	0.8542129338872669
chr11	116147489	T	A	0.9675251008222991
chr11	18137235	G	A	0.9719051091574222
chr11	18137235	G	A	0.983385281354813
chr11	72953840	T	C	0.992316848210742
chr12	60392108	G	C	0.9874407381748459
chr13	108302640	G	A	0.9919428925493146
chr13	39591124	C	T	0.9864936185490527
chr13	39591124	C	T	0.992483213143036
chr13	88762338	T	C	0.9364900381392277
chr13	88762338	T	C	0.9469568205731109
chr13	93549283	G	A	0.9823129148610212
chr13	93549283	G	A	0.9847231903359
chr14	40722210	C	T	0.7131756220223798
chr14	40722210	C	T	0.9761824183358109
chr14	46120139	G	C	0.9772451811921139
chr14	70193856	G	T	0.9935696285853576
chr16	2480563	A	G	0.9895630023813057
chr16	28328571	G	A	0.975340333182874
chr16	50991541	G	A	0.9816451085463231
chr16	66304505	C	T	0.994019766270497
chr17	12246144	A	C	0.9934413941568933
chr17	30771335	G	C	0.9940886607920931
chr17	59079836	C	A	0.9961676670338315
chr18	2105090	A	T	0.9954071181816843
chr18	51225477	G	C	0.9682582881928437
chr18	71647745	G	T	0.9575560240205653
chr2	12559513	G	C	0.9817950037809615
chr2	204937347	G	C	0.9594988180852201
chr2	209785723	C	G	0.9258918005300604
chr2	209785723	C	G	0.9952468176592443
chr2	209962078	C	A	0.9925417084934858
chr2	218764456	G	A	0.993166499437259
chr2	220863735	C	A	0.9842086251511272
chr2	220863735	C	A	0.9941749736024262
chr2	22202135	C	G	0.986643079638955
chr2	40987398	C	T	0.9946141268963741
chr2	46290253	C	A	0.9926798249020943
chr2	46290253	C	A	0.9930571857700056
chr2	7837986	A	G	0.9922799594219289
chr20	30924876	A	G	0.9878425475969513
chr20	40200846	G	C	0.9795953813309702
chr20	58345464	T	C	0.9703677385345538
chr21	25111644	A	G	0.9043767530388364
chr21	26132144	A	T	0.9809669576095551
chr22	31952810	G	A	0.9830227747380234
chr22	37595665	C	G	0.9818104023006301
chr22	37595665	C	G	0.9873099270285578
chr3	120533519	G	A	0.9947840989975214
chr3	16918153	G	C	0.9908710958169683
chr3	190161215	C	T	0.9801100931819586
chr3	190161215	C	T	0.9896442197607932
chr3	81959603	G	A	0.8603199748492415
chr3	81959603	G	A	0.872313974995174
chr4	118692970	A	C	0.8827468868478664
chr4	118692970	A	C	0.9920140578850208
chr4	166277287	G	A	0.9836844901527884
chr4	173551595	C	T	0.98587074113567
chr4	177711224	A	G	0.9073994718791132
chr4	84828056	T	C	0.9713323566579352
chr5	102544476	T	C	0.9882505023856796
chr5	102544476	T	C	0.9904999122549893
chr5	106907886	A	G	0.9911038687858227
chr5	24445645	A	C	0.6133875064037896
chr5	24445645	A	C	0.7096849483771586
chr5	3024503	G	A	0.9878348348004073
chr5	3578923	T	C	0.9923400626337411
chr5	4880004	G	A	0.988895106044145
chr5	4880004	G	A	0.9913504053026131
chr5	84263179	G	A	0.987952081357869
chr6	100270789	G	A	0.9933948615784787
chr6	133506117	A	G	0.9973824690721164
chr6	28652183	T	C	0.9574182549235508
chr6	28652183	T	C	0.9597137123479222
chr6	48416996	C	T	0.9899453079956593
chr6	57133058	C	T	0.9124633552088288
chr6	65736435	T	C	0.9751953637574122
chr6	65736435	T	C	0.9914012839796941
chr6	65849582	G	A	0.9928036658822752
chr6	69777961	T	G	0.9747700727705818
chr7	132474396	G	C	0.9931455143731042
chr7	23312852	A	C	0.9857578486217565
chr7	23312852	A	C	0.9909761769680155
chr7	23586800	G	A	0.9734552681191635
chr7	3937271	A	G	0.938290689923556
chr7	46169621	G	A	0.9901655693307834
chr7	62476205	C	T	0.9340941008888827
chr8	100104717	G	A	0.9872721542689038
chr8	119756026	T	C	0.9924890725772177
chr8	124172851	A	G	0.9893782110758219
chr8	50538371	A	C	0.9794427212695118
chr8	97703065	A	C	0.9921417389813072
chr8	97854738	A	C	0.9887562301450727
chrX	11869131	T	C	0.991135498089191
chrX	11869131	T	C	0.9930692790994363
chrX	47714080	A	G	0.9901750037256091
chrX	72509054	C	T	0.9889703169073526
chrX	72509054	C	T	0.9902607836094358
